-46.26, 59.74, 1675643340637
-46.24, 59.82, 1675643341638
-46.21, 59.90, 1675643342638
-46.18, 59.98, 1675643343639
-46.15, 60.06, 1675643344640
-51.07, 39.11, 1675643345023
-46.12, 60.14, 1675643345637
-46.09, 60.21, 1675643346642
-46.06, 60.29, 1675643347641
-46.03, 60.37, 1675643348639
-46.00, 60.45, 1675643349641
-45.97, 60.53, 1675643350640
-45.94, 60.61, 1675643351640
-45.91, 60.68, 1675643352640
-45.88, 60.76, 1675643354042
-45.86, 60.84, 1675643355179
-45.83, 60.92, 1675643356063
-45.80, 61.00, 1675643357293
-45.80, 61.00, 1675643358041
-45.77, 61.07, 1675643359036
-45.74, 61.15, 1675643360059
-45.71, 61.23, 1675643361191
-45.68, 61.31, 1675643362023
-45.65, 61.38, 1675643363348
-45.62, 61.46, 1675643364176
-45.59, 61.54, 1675643365158
-45.56, 61.62, 1675643366184
-45.53, 61.69, 1675643367157
-45.50, 61.77, 1675643368191
-45.46, 61.85, 1675643369243
-45.46, 61.85, 1675643370115
-45.43, 61.92, 1675643371404
-45.43, 61.92, 1675643372043
-45.40, 62.00, 1675643373414
-45.40, 62.00, 1675643374116
-45.37, 62.08, 1675643375376
-45.37, 62.08, 1675643376047
-45.34, 62.15, 1675643377358
-45.34, 62.15, 1675643378047
-45.31, 62.23, 1675643379324
-45.31, 62.23, 1675643380092
-45.28, 62.31, 1675643381295
-45.28, 62.31, 1675643382081
-45.25, 62.38, 1675643383376
-45.25, 62.38, 1675643384157
-45.22, 62.46, 1675643385196
-45.19, 62.53, 1675643386152
-45.16, 62.61, 1675643387178
-45.13, 62.69, 1675643388150
-45.10, 62.76, 1675643389123
-45.10, 62.76, 1675643390223
-45.10, 62.76, 1675643391071
-44.75, 63.59, 1675643392197
-44.75, 63.59, 1675643393223
-44.72, 63.66, 1675643394328
-44.72, 63.66, 1675643395096
-44.69, 63.74, 1675643396391
-44.69, 63.74, 1675643397047
-44.66, 63.81, 1675643398557
-44.66, 63.81, 1675643399144
-44.62, 63.89, 1675643400361
-44.62, 63.89, 1675643401088
-44.59, 63.96, 1675643402412
-44.59, 63.96, 1675643403037
-44.56, 64.04, 1675643404420
-51.06, 39.21, 1675643405047
-44.56, 64.04, 1675643405182
-44.53, 64.11, 1675643406252
-44.53, 64.11, 1675643407126
-44.50, 64.18, 1675643408516
-44.50, 64.18, 1675643409074
-44.46, 64.26, 1675643410382
-44.46, 64.26, 1675643411046
-44.43, 64.33, 1675643412359
-44.43, 64.33, 1675643413089
-44.40, 64.41, 1675643414344
-44.40, 64.41, 1675643415076
-44.37, 64.48, 1675643416308
-44.37, 64.48, 1675643417087
-44.33, 64.55, 1675643418424
-44.33, 64.55, 1675643419144
-44.30, 64.63, 1675643420205
-44.30, 64.63, 1675643421175
-44.27, 64.70, 1675643422166
-44.24, 64.77, 1675643423283
-44.20, 64.85, 1675643424108
-44.17, 64.92, 1675643425194
-44.17, 64.92, 1675643426085
-44.14, 64.99, 1675643427391
-44.14, 64.99, 1675643428060
-44.11, 65.07, 1675643429124
-44.07, 65.14, 1675643430017
-44.04, 65.21, 1675643431247
-44.04, 65.21, 1675643432121
-44.01, 65.29, 1675643433556
-44.01, 65.29, 1675643434164
-43.98, 65.36, 1675643435359
-43.98, 65.36, 1675643436085
-43.94, 65.43, 1675643437413
-43.94, 65.43, 1675643438026
-43.91, 65.50, 1675643439066
-43.88, 65.58, 1675643440299
-43.88, 65.58, 1675643441096
-43.84, 65.65, 1675643442389
-43.84, 65.65, 1675643443039
-43.81, 65.72, 1675643444439
-43.81, 65.72, 1675643445016
-43.78, 65.79, 1675643446420
-43.78, 65.79, 1675643447035
-43.74, 65.87, 1675643448541
-43.74, 65.87, 1675643449078
-43.71, 65.94, 1675643450401
-43.71, 65.94, 1675643451049
-43.68, 66.01, 1675643452414
-43.68, 66.01, 1675643453051
-43.64, 66.08, 1675643454410
-43.64, 66.08, 1675643455070
-43.61, 66.15, 1675643456392
-43.61, 66.15, 1675643457077
-43.58, 66.23, 1675643458521
-43.58, 66.23, 1675643459088
-43.54, 66.30, 1675643460382
-43.54, 66.30, 1675643461048
-43.51, 66.37, 1675643462426
-43.51, 66.37, 1675643463081
-43.47, 66.44, 1675643464394
-51.04, 39.30, 1675643465067
-43.47, 66.44, 1675643465232
-43.44, 66.51, 1675643466328
-43.44, 66.51, 1675643467081
-43.41, 66.58, 1675643468559
-43.41, 66.58, 1675643469071
-43.37, 66.66, 1675643470404
-43.37, 66.66, 1675643471045
-43.34, 66.73, 1675643472415
-43.34, 66.73, 1675643473033
-43.31, 66.80, 1675643474426
-43.31, 66.80, 1675643475045
-43.27, 66.87, 1675643476410
-43.27, 66.87, 1675643477035
-43.24, 66.94, 1675643478540
-43.24, 66.94, 1675643479069
-43.20, 67.01, 1675643480418
-43.20, 67.01, 1675643481035
-43.17, 67.08, 1675643482186
-43.17, 67.08, 1675643483285
-43.14, 67.15, 1675643484294
-43.14, 67.15, 1675643485096
-43.10, 67.22, 1675643486362
-43.10, 67.22, 1675643487065
-43.07, 67.29, 1675643488450
-43.07, 67.29, 1675643489108
-43.03, 67.36, 1675643490324
-43.03, 67.36, 1675643491078
-43.00, 67.43, 1675643492282
-43.00, 67.43, 1675643493097
-42.96, 67.50, 1675643494235
-42.96, 67.50, 1675643495133
-42.93, 67.57, 1675643496165
-42.89, 67.64, 1675643497159
-42.86, 67.71, 1675643498291
-42.83, 67.78, 1675643499194
-42.83, 67.78, 1675643500149
-42.79, 67.85, 1675643501355
-42.79, 67.85, 1675643502064
-42.76, 67.92, 1675643503536
-42.76, 67.92, 1675643504100
-42.72, 67.99, 1675643505385
-42.72, 67.99, 1675643506054
-42.69, 68.06, 1675643507405
-42.69, 68.06, 1675643508123
-42.65, 68.13, 1675643509378
-42.65, 68.13, 1675643510073
-42.62, 68.20, 1675643511410
-42.62, 68.20, 1675643512044
-42.58, 68.27, 1675643513533
-42.58, 68.27, 1675643514076
-42.55, 68.34, 1675643515389
-42.55, 68.34, 1675643516043
-42.51, 68.41, 1675643517411
-42.51, 68.41, 1675643518039
-42.48, 68.48, 1675643519419
-42.48, 68.48, 1675643520033
-42.44, 68.55, 1675643521416
-42.44, 68.55, 1675643522027
-42.41, 68.62, 1675643523549
-42.41, 68.62, 1675643524009
-51.04, 39.30, 1675643525441
-42.37, 68.69, 1675643525582
-42.37, 68.69, 1675643526057
-42.34, 68.75, 1675643527408
-42.34, 68.75, 1675643528140
-42.30, 68.82, 1675643529362
-42.30, 68.82, 1675643530059
-42.26, 68.89, 1675643531423
-42.26, 68.89, 1675643532036
-42.23, 68.96, 1675643533546
-42.23, 68.96, 1675643534071
-42.19, 69.03, 1675643535396
-42.19, 69.03, 1675643536048
-42.16, 69.10, 1675643537393
-42.16, 69.10, 1675643538079
-42.12, 69.17, 1675643539386
-42.12, 69.17, 1675643540040
-42.09, 69.23, 1675643541355
-42.09, 69.23, 1675643542069
-42.05, 69.30, 1675643543472
-42.05, 69.30, 1675643544100
-42.02, 69.37, 1675643545316
-42.02, 69.37, 1675643546073
-41.98, 69.44, 1675643547276
-41.98, 69.44, 1675643548240
-41.94, 69.51, 1675643549259
-41.94, 69.51, 1675643550144
-41.91, 69.57, 1675643551192
-41.91, 69.57, 1675643552142
-41.87, 69.64, 1675643553228
-41.84, 69.71, 1675643554239
-41.84, 69.71, 1675643555096
-41.80, 69.78, 1675643556387
-41.80, 69.78, 1675643557075
-41.76, 69.84, 1675643558520
-41.76, 69.84, 1675643559066
-41.73, 69.91, 1675643560175
-41.73, 69.91, 1675643561020
-41.69, 69.98, 1675643562421
-41.69, 69.98, 1675643563039
-41.66, 70.05, 1675643564415
-41.66, 70.05, 1675643565037
-41.62, 70.11, 1675643566411
-41.62, 70.11, 1675643567039
-41.58, 70.18, 1675643568535
-41.58, 70.18, 1675643569074
-41.55, 70.25, 1675643570056
-41.51, 70.31, 1675643571215
-41.51, 70.31, 1675643572139
-41.47, 70.38, 1675643573486
-41.47, 70.38, 1675643574098
-41.44, 70.45, 1675643575386
-41.44, 70.45, 1675643576051
-41.40, 70.52, 1675643577405
-41.40, 70.52, 1675643578151
-41.36, 70.58, 1675643579363
-41.36, 70.58, 1675643580036
-41.33, 70.65, 1675643581414
-41.33, 70.65, 1675643582052
-41.29, 70.71, 1675643583534
-41.29, 70.71, 1675643584153
-44.20, 64.85, 1675643585363
-41.25, 70.78, 1675643585501
-41.25, 70.78, 1675643586028
-41.22, 70.85, 1675643587417
-41.22, 70.85, 1675643588064
-41.18, 70.91, 1675643589402
-41.18, 70.91, 1675643590038
-41.14, 70.98, 1675643591428
-41.14, 70.98, 1675643592030
-41.11, 71.05, 1675643593548
-41.11, 71.05, 1675643594086
-41.07, 71.11, 1675643595389
-41.07, 71.11, 1675643596064
-41.03, 71.18, 1675643597404
-41.03, 71.18, 1675643598059
-41.00, 71.24, 1675643599410
-41.00, 71.24, 1675643600044
-40.96, 71.31, 1675643601413
-40.96, 71.31, 1675643602043
-40.92, 71.38, 1675643603540
-40.92, 71.38, 1675643604019
-40.89, 71.44, 1675643605435
-40.89, 71.44, 1675643606009
-40.85, 71.51, 1675643607427
-40.85, 71.51, 1675643608144
-40.81, 71.57, 1675643609364
-40.81, 71.57, 1675643610063
-40.77, 71.64, 1675643611421
-40.77, 71.64, 1675643612043
-40.74, 71.70, 1675643613579
-40.74, 71.70, 1675643614070
-40.70, 71.77, 1675643615394
-40.70, 71.77, 1675643616061
-40.66, 71.83, 1675643617391
-40.66, 71.83, 1675643618080
-40.62, 71.90, 1675643619390
-40.62, 71.90, 1675643620044
-40.59, 71.96, 1675643621373
-40.59, 71.96, 1675643622060
-40.55, 72.03, 1675643623472
-40.55, 72.03, 1675643624185
-40.51, 72.09, 1675643625344
-40.51, 72.09, 1675643626071
-40.47, 72.16, 1675643627311
-40.47, 72.16, 1675643628123
-40.44, 72.22, 1675643629280
-40.44, 72.22, 1675643630104
-40.40, 72.29, 1675643631222
-40.40, 72.29, 1675643632122
-40.36, 72.35, 1675643633272
-40.32, 72.42, 1675643634213
-40.32, 72.42, 1675643635140
-40.29, 72.48, 1675643636362
-40.29, 72.48, 1675643637065
-40.25, 72.54, 1675643638524
-40.25, 72.54, 1675643639097
-40.21, 72.61, 1675643640383
-40.21, 72.61, 1675643641069
-40.17, 72.67, 1675643642398
-40.17, 72.67, 1675643643086
-40.14, 72.74, 1675643644394
-44.17, 64.92, 1675643645062
-40.14, 72.74, 1675643645227
-40.10, 72.80, 1675643646258
-40.10, 72.80, 1675643647039
-40.06, 72.87, 1675643648551
-40.06, 72.87, 1675643649080
-40.02, 72.93, 1675643650397
-40.02, 72.93, 1675643651051
-39.98, 72.99, 1675643652413
-39.98, 72.99, 1675643653060
-39.94, 73.06, 1675643654414
-39.94, 73.06, 1675643655042
-39.91, 73.12, 1675643656427
-39.91, 73.12, 1675643657109
-39.87, 73.18, 1675643658520
-39.87, 73.18, 1675643659086
-39.83, 73.25, 1675643660414
-39.83, 73.25, 1675643661041
-39.79, 73.31, 1675643662097
-39.75, 73.37, 1675643663331
-39.75, 73.37, 1675643664246
-39.72, 73.44, 1675643665124
-39.68, 73.50, 1675643666341
-39.68, 73.50, 1675643667065
-39.64, 73.56, 1675643668428
-39.64, 73.56, 1675643669126
-39.60, 73.63, 1675643670271
-39.60, 73.63, 1675643671114
-39.56, 73.69, 1675643672225
-39.56, 73.69, 1675643673250
-39.52, 73.75, 1675643674171
-39.48, 73.81, 1675643675164
-39.45, 73.88, 1675643676162
-39.41, 73.94, 1675643677171
-39.37, 74.00, 1675643678326
-39.33, 74.07, 1675643679193
-39.33, 74.07, 1675643680149
-39.29, 74.13, 1675643681281
-39.29, 74.13, 1675643682128
-39.25, 74.19, 1675643683500
-39.25, 74.19, 1675643684110
-39.21, 74.25, 1675643685378
-39.21, 74.25, 1675643686068
-39.17, 74.31, 1675643687395
-39.17, 74.31, 1675643688081
-39.14, 74.38, 1675643689397
-39.14, 74.38, 1675643690077
-39.14, 74.38, 1675643691272
-33.26, 82.52, 1675643692051
-33.22, 82.57, 1675643693449
-33.22, 82.57, 1675643694044
-33.17, 82.62, 1675643695403
-33.17, 82.62, 1675643696113
-33.13, 82.68, 1675643697186
-33.09, 82.73, 1675643698275
-33.04, 82.78, 1675643699103
-33.00, 82.83, 1675643700265
-32.96, 82.89, 1675643701132
-32.91, 82.94, 1675643702173
-32.87, 82.99, 1675643703289
-32.82, 83.04, 1675643704094
-44.17, 64.92, 1675643705230
-32.78, 83.10, 1675643705379
-32.74, 83.15, 1675643706096
-32.69, 83.20, 1675643707207
-32.65, 83.25, 1675643708306
-32.61, 83.31, 1675643709085
-32.56, 83.36, 1675643710207
-32.52, 83.41, 1675643711174
-32.47, 83.46, 1675643712155
-32.43, 83.51, 1675643713289
-32.39, 83.57, 1675643714097
-32.34, 83.62, 1675643715215
-32.30, 83.67, 1675643716125
-32.25, 83.72, 1675643717205
-32.21, 83.77, 1675643718259
-32.17, 83.82, 1675643719119
-32.12, 83.88, 1675643720179
-32.08, 83.93, 1675643721167
-32.03, 83.98, 1675643722158
-31.99, 84.03, 1675643723277
-31.94, 84.08, 1675643724103
-31.90, 84.13, 1675643725139
-31.86, 84.18, 1675643726174
-31.81, 84.24, 1675643727127
-31.77, 84.29, 1675643728330
-31.72, 84.34, 1675643729091
-31.68, 84.39, 1675643730198
-31.63, 84.44, 1675643731103
-31.59, 84.49, 1675643732192
-31.54, 84.54, 1675643733197
-31.50, 84.59, 1675643734350
-31.50, 84.59, 1675643735040
-31.46, 84.64, 1675643736404
-31.46, 84.64, 1675643737034
-31.41, 84.69, 1675643738571
-31.41, 84.69, 1675643739024
-31.37, 84.74, 1675643740426
-31.37, 84.74, 1675643741009
-31.32, 84.79, 1675643742429
-31.32, 84.79, 1675643743059
-31.28, 84.85, 1675643744396
-31.28, 84.85, 1675643745046
-31.23, 84.90, 1675643746419
-31.23, 84.90, 1675643747039
-31.19, 84.95, 1675643748550
-31.19, 84.95, 1675643749071
-31.14, 85.00, 1675643750412
-31.14, 85.00, 1675643751047
-31.10, 85.05, 1675643752421
-31.10, 85.05, 1675643753074
-31.05, 85.10, 1675643754402
-31.05, 85.10, 1675643755040
-31.01, 85.15, 1675643756432
-31.01, 85.15, 1675643757027
-30.96, 85.20, 1675643758533
-30.96, 85.20, 1675643759070
-30.92, 85.25, 1675643760393
-30.92, 85.25, 1675643761070
-30.87, 85.30, 1675643762393
-30.87, 85.30, 1675643763076
-30.83, 85.35, 1675643764391
-44.14, 64.99, 1675643765054
-30.83, 85.35, 1675643765188
-30.78, 85.40, 1675643766367
-30.78, 85.40, 1675643767135
-30.74, 85.45, 1675643768332
-30.69, 85.50, 1675643769073
-30.65, 85.55, 1675643770344
-30.65, 85.55, 1675643771144
-30.60, 85.60, 1675643772180
-30.56, 85.65, 1675643773361
-30.51, 85.70, 1675643774062
-30.47, 85.75, 1675643775404
-30.47, 85.75, 1675643776112
-30.42, 85.80, 1675643777183
-30.38, 85.85, 1675643778294
-30.33, 85.90, 1675643779094
-30.29, 85.94, 1675643780191
-30.24, 85.99, 1675643781146
-30.20, 86.04, 1675643782168
-30.15, 86.09, 1675643783286
-30.11, 86.14, 1675643784126
-30.06, 86.19, 1675643785182
-30.02, 86.24, 1675643786146
-29.97, 86.29, 1675643787173
-29.93, 86.34, 1675643788291
-29.88, 86.39, 1675643789093
-29.84, 86.44, 1675643790196
-29.79, 86.49, 1675643791146
-29.75, 86.53, 1675643792179
-29.70, 86.58, 1675643793319
-29.66, 86.63, 1675643794078
-29.61, 86.68, 1675643795208
-29.56, 86.73, 1675643796136
-29.52, 86.78, 1675643797180
-29.47, 86.83, 1675643798251
-29.43, 86.87, 1675643799120
-29.38, 86.92, 1675643800098
-29.34, 86.97, 1675643801117
-29.29, 87.02, 1675643802059
-29.25, 87.07, 1675643803532
-29.25, 87.07, 1675643804041
-29.20, 87.12, 1675643805416
-29.20, 87.12, 1675643806041
-29.15, 87.17, 1675643807407
-29.15, 87.17, 1675643808023
-29.11, 87.21, 1675643809425
-29.11, 87.21, 1675643810016
-29.06, 87.26, 1675643811096
-29.06, 87.26, 1675643812173
-29.02, 87.31, 1675643813285
-28.97, 87.36, 1675643814102
-28.93, 87.41, 1675643815181
-28.88, 87.45, 1675643816221
-28.83, 87.50, 1675643817204
-28.79, 87.55, 1675643818265
-28.74, 87.60, 1675643819107
-28.70, 87.65, 1675643820183
-28.65, 87.69, 1675643821146
-28.60, 87.74, 1675643822169
-28.56, 87.79, 1675643823277
-28.51, 87.84, 1675643824104
-44.14, 64.99, 1675643825216
-28.47, 87.88, 1675643825413
-28.42, 87.93, 1675643826035
-28.37, 87.98, 1675643827305
-28.37, 87.98, 1675643828128
-28.33, 88.03, 1675643829184
-28.28, 88.07, 1675643830154
-28.24, 88.12, 1675643831165
-28.19, 88.17, 1675643832157
-28.14, 88.22, 1675643833294
-28.10, 88.26, 1675643834095
-28.05, 88.31, 1675643835197
-28.01, 88.36, 1675643836141
-27.96, 88.40, 1675643837186
-27.91, 88.45, 1675643838274
-27.87, 88.50, 1675643839101
-27.82, 88.54, 1675643840196
-27.77, 88.59, 1675643841149
-27.73, 88.64, 1675643842167
-27.68, 88.69, 1675643843272
-27.64, 88.73, 1675643844108
-27.59, 88.78, 1675643845121
-27.54, 88.83, 1675643846258
-27.50, 88.87, 1675643847112
-27.45, 88.92, 1675643848314
-27.40, 88.97, 1675643849093
-27.36, 89.01, 1675643850191
-27.31, 89.06, 1675643851066
-27.26, 89.11, 1675643852397
-27.26, 89.11, 1675643853056
-27.22, 89.15, 1675643854406
-27.22, 89.15, 1675643855042
-27.17, 89.20, 1675643856414
-27.17, 89.20, 1675643857035
-27.12, 89.24, 1675643858539
-27.12, 89.24, 1675643859019
-27.08, 89.29, 1675643860418
-27.08, 89.29, 1675643861012
-27.03, 89.34, 1675643862382
-27.03, 89.34, 1675643863075
-26.98, 89.38, 1675643864391
-26.98, 89.38, 1675643865053
-26.94, 89.43, 1675643866401
-26.94, 89.43, 1675643867055
-26.89, 89.48, 1675643868546
-26.89, 89.48, 1675643869067
-26.84, 89.52, 1675643870417
-26.84, 89.52, 1675643871032
-26.80, 89.57, 1675643872362
-26.80, 89.57, 1675643873085
-26.75, 89.61, 1675643874186
-26.70, 89.66, 1675643875156
-26.66, 89.71, 1675643876154
-26.61, 89.75, 1675643877156
-26.56, 89.80, 1675643878284
-26.52, 89.84, 1675643879098
-26.47, 89.89, 1675643880217
-26.42, 89.93, 1675643881117
-26.38, 89.98, 1675643882200
-26.33, 90.03, 1675643883345
-26.28, 90.07, 1675643884063
-32.56, 83.36, 1675643885404
-26.24, 90.12, 1675643885590
-26.19, 90.16, 1675643887485
-26.19, 90.16, 1675643888111
-26.14, 90.21, 1675643889191
-26.10, 90.25, 1675643890162
-26.05, 90.30, 1675643891161
-26.00, 90.34, 1675643892130
-25.95, 90.39, 1675643893296
-25.91, 90.43, 1675643894105
-25.86, 90.48, 1675643895190
-25.81, 90.52, 1675643896085
-25.77, 90.57, 1675643897202
-25.72, 90.62, 1675643898178
-25.67, 90.66, 1675643899349
-25.67, 90.66, 1675643900013
-25.63, 90.71, 1675643901411
-25.63, 90.71, 1675643902041
-25.58, 90.75, 1675643903539
-25.58, 90.75, 1675643904076
-25.53, 90.80, 1675643905388
-25.53, 90.80, 1675643906053
-25.48, 90.84, 1675643907411
-25.48, 90.84, 1675643908065
-25.44, 90.89, 1675643909404
-25.44, 90.89, 1675643910118
-25.39, 90.93, 1675643911187
-25.34, 90.97, 1675643912168
-25.30, 91.02, 1675643913285
-25.25, 91.06, 1675643914096
-25.20, 91.11, 1675643915184
-25.15, 91.15, 1675643916141
-25.11, 91.20, 1675643917242
-25.06, 91.24, 1675643918286
-25.01, 91.29, 1675643919101
-24.96, 91.33, 1675643920273
-24.92, 91.38, 1675643921100
-24.87, 91.42, 1675643922189
-24.82, 91.47, 1675643923266
-24.77, 91.51, 1675643924182
-24.73, 91.55, 1675643925148
-24.68, 91.60, 1675643926170
-24.63, 91.64, 1675643927159
-24.58, 91.69, 1675643928367
-24.54, 91.73, 1675643929064
-24.49, 91.77, 1675643930406
-24.49, 91.77, 1675643931113
-24.44, 91.82, 1675643932184
-24.39, 91.86, 1675643933280
-24.35, 91.91, 1675643934107
-24.30, 91.95, 1675643935189
-24.25, 92.00, 1675643936137
-24.20, 92.04, 1675643937172
-24.16, 92.08, 1675643938333
-24.11, 92.13, 1675643939086
-24.06, 92.17, 1675643940203
-24.01, 92.21, 1675643941138
-23.97, 92.26, 1675643942175
-23.92, 92.30, 1675643943291
-23.87, 92.35, 1675643944094
-32.47, 83.46, 1675643945190
-23.82, 92.39, 1675643945325
-23.78, 92.43, 1675643946097
-23.73, 92.48, 1675643947189
-23.68, 92.52, 1675643948283
-23.63, 92.56, 1675643949103
-23.58, 92.61, 1675643950186
-23.54, 92.65, 1675643951149
-23.49, 92.69, 1675643952169
-23.44, 92.74, 1675643953272
-23.39, 92.78, 1675643954100
-23.34, 92.82, 1675643955122
-23.30, 92.87, 1675643956179
-23.25, 92.91, 1675643957111
-23.20, 92.95, 1675643958301
-23.15, 93.00, 1675643959095
-23.11, 93.04, 1675643960201
-23.06, 93.08, 1675643961021
-23.01, 93.13, 1675643962157
-23.01, 93.13, 1675643963248
-22.96, 93.17, 1675643964110
-22.91, 93.21, 1675643965191
-22.87, 93.26, 1675643966135
-22.82, 93.30, 1675643967169
-22.77, 93.34, 1675643968316
-22.72, 93.38, 1675643969084
-22.67, 93.43, 1675643970233
-22.62, 93.47, 1675643971120
-22.58, 93.51, 1675643972084
-22.53, 93.56, 1675643973330
-22.48, 93.60, 1675643974063
-22.43, 93.64, 1675643975396
-22.43, 93.64, 1675643976032
-22.38, 93.68, 1675643977409
-22.38, 93.68, 1675643978074
-22.34, 93.73, 1675643979389
-22.34, 93.73, 1675643980048
-22.29, 93.77, 1675643981412
-22.29, 93.77, 1675643982063
-22.24, 93.81, 1675643983518
-22.24, 93.81, 1675643984068
-22.19, 93.85, 1675643985392
-22.19, 93.85, 1675643986076
-22.14, 93.90, 1675643987391
-22.14, 93.90, 1675643988066
-22.09, 93.94, 1675643989396
-22.09, 93.94, 1675643990047
-22.09, 93.94, 1675643991177
-22.09, 93.94, 1675643992064
-19.23, 96.39, 1675643993295
-19.23, 96.39, 1675643994007
-19.18, 96.43, 1675643995423
-19.18, 96.43, 1675643996034
-19.13, 96.47, 1675643997412
-19.13, 96.47, 1675643998066
-19.08, 96.51, 1675643999394
-19.08, 96.51, 1675644000050
-19.03, 96.55, 1675644001406
-19.03, 96.55, 1675644002030
-18.98, 96.59, 1675644003562
-18.98, 96.59, 1675644004056
-32.47, 83.46, 1675644005417
-18.93, 96.63, 1675644005561
-18.93, 96.63, 1675644006035
-18.88, 96.68, 1675644007415
-18.88, 96.68, 1675644008073
-18.83, 96.72, 1675644009392
-18.83, 96.72, 1675644010040
-18.78, 96.76, 1675644011371
-18.78, 96.76, 1675644012017
-18.74, 96.80, 1675644013475
-18.74, 96.80, 1675644014106
-18.69, 96.84, 1675644015328
-18.69, 96.84, 1675644016083
-18.64, 96.88, 1675644017300
-18.64, 96.88, 1675644018084
-18.59, 96.92, 1675644019252
-18.59, 96.92, 1675644020110
-18.54, 96.96, 1675644021197
-18.54, 96.96, 1675644022108
-18.49, 97.00, 1675644023225
-18.44, 97.04, 1675644024232
-18.44, 97.04, 1675644025076
-18.39, 97.08, 1675644026391
-18.39, 97.08, 1675644027056
-18.34, 97.12, 1675644028529
-18.34, 97.12, 1675644029042
-18.29, 97.16, 1675644030411
-18.29, 97.16, 1675644031036
-18.24, 97.20, 1675644032413
-18.24, 97.20, 1675644033021
-18.19, 97.24, 1675644034423
-18.19, 97.24, 1675644035010
-18.14, 97.28, 1675644036422
-18.14, 97.28, 1675644037030
-18.10, 97.32, 1675644038538
-18.10, 97.32, 1675644039060
-18.05, 97.36, 1675644040404
-18.05, 97.36, 1675644041042
-18.00, 97.40, 1675644042418
-18.00, 97.40, 1675644043070
-17.95, 97.44, 1675644044392
-17.95, 97.44, 1675644045045
-17.90, 97.48, 1675644046417
-17.90, 97.48, 1675644047033
-17.85, 97.52, 1675644048557
-17.85, 97.52, 1675644049067
-17.80, 97.56, 1675644050418
-17.80, 97.56, 1675644051042
-17.75, 97.60, 1675644052409
-17.75, 97.60, 1675644053064
-17.70, 97.64, 1675644054399
-17.70, 97.64, 1675644055039
-17.65, 97.68, 1675644056381
-17.65, 97.68, 1675644057053
-17.60, 97.72, 1675644058488
-17.60, 97.72, 1675644059087
-17.55, 97.76, 1675644060352
-17.55, 97.76, 1675644061065
-17.50, 97.80, 1675644062330
-17.50, 97.80, 1675644063117
-17.45, 97.84, 1675644064305
-32.43, 83.51, 1675644065094
-17.45, 97.84, 1675644065228
-17.41, 97.88, 1675644066289
-17.41, 97.88, 1675644067097
-17.36, 97.92, 1675644068368
-17.36, 97.92, 1675644069149
-17.31, 97.96, 1675644070183
-17.31, 97.96, 1675644071161
-17.26, 98.00, 1675644072091
-17.21, 98.04, 1675644073323
-17.21, 98.04, 1675644074049
-17.16, 98.08, 1675644075404
-17.16, 98.08, 1675644076009
-17.11, 98.12, 1675644077428
-17.11, 98.12, 1675644078113
-17.06, 98.16, 1675644079373
-17.06, 98.16, 1675644080068
-17.01, 98.20, 1675644081415
-17.01, 98.20, 1675644082039
-16.96, 98.24, 1675644083247
-16.91, 98.28, 1675644084212
-16.91, 98.28, 1675644085140
-16.86, 98.32, 1675644086359
-16.86, 98.32, 1675644087065
-16.81, 98.36, 1675644088522
-16.81, 98.36, 1675644089073
-16.76, 98.40, 1675644090398
-16.76, 98.40, 1675644091050
-16.71, 98.44, 1675644092399
-16.71, 98.44, 1675644093076
-16.66, 98.48, 1675644094391
-16.66, 98.48, 1675644095073
-16.61, 98.51, 1675644096392
-16.61, 98.51, 1675644097082
-16.56, 98.55, 1675644098520
-16.56, 98.55, 1675644099079
-16.51, 98.59, 1675644100393
-16.51, 98.59, 1675644101047
-16.47, 98.63, 1675644102402
-16.47, 98.63, 1675644103086
-16.42, 98.67, 1675644104383
-16.42, 98.67, 1675644105062
-16.37, 98.71, 1675644106416
-16.37, 98.71, 1675644107047
-16.32, 98.75, 1675644108528
-16.32, 98.75, 1675644109082
-16.27, 98.79, 1675644110389
-16.27, 98.79, 1675644111049
-16.22, 98.83, 1675644112404
-16.22, 98.83, 1675644113028
-16.17, 98.87, 1675644114426
-16.17, 98.87, 1675644115028
-16.12, 98.91, 1675644116415
-16.12, 98.91, 1675644117032
-16.07, 98.95, 1675644118590
-16.02, 98.99, 1675644120481
-16.02, 98.99, 1675644121008
-15.97, 99.03, 1675644122447
-15.97, 99.03, 1675644123071
-15.92, 99.06, 1675644124397
-32.43, 83.51, 1675644125036
-15.92, 99.06, 1675644125174
-15.87, 99.10, 1675644126337
-15.87, 99.10, 1675644127073
-15.82, 99.14, 1675644128518
-15.82, 99.14, 1675644129074
-15.77, 99.18, 1675644130392
-15.77, 99.18, 1675644131046
-15.72, 99.22, 1675644132382
-15.72, 99.22, 1675644133063
-15.67, 99.26, 1675644134371
-15.67, 99.26, 1675644135047
-15.62, 99.30, 1675644136352
-15.62, 99.30, 1675644137072
-15.57, 99.34, 1675644138459
-15.57, 99.34, 1675644139111
-15.52, 99.38, 1675644140299
-15.52, 99.38, 1675644141094
-15.47, 99.42, 1675644142261
-15.47, 99.42, 1675644143173
-15.42, 99.46, 1675644144210
-15.42, 99.46, 1675644145137
-15.37, 99.49, 1675644146133
-15.37, 99.49, 1675644147169
-15.32, 99.53, 1675644148137
-15.27, 99.57, 1675644149275
-15.27, 99.57, 1675644150088
-15.22, 99.61, 1675644151383
-15.22, 99.61, 1675644152049
-15.17, 99.65, 1675644153459
-15.17, 99.65, 1675644154121
-15.12, 99.69, 1675644155372
-15.12, 99.69, 1675644156049
-15.07, 99.73, 1675644157426
-15.07, 99.73, 1675644158134
-15.02, 99.77, 1675644159368
-15.02, 99.77, 1675644160052
-14.97, 99.80, 1675644161409
-14.97, 99.80, 1675644162041
-14.92, 99.84, 1675644163535
-14.92, 99.84, 1675644164062
-14.87, 99.88, 1675644165396
-14.87, 99.88, 1675644166046
-14.82, 99.92, 1675644167386
-14.82, 99.92, 1675644168083
-14.77, 99.96, 1675644169376
-14.77, 99.96, 1675644170052
-14.72, 100.00, 1675644171351
-14.72, 100.00, 1675644172070
-14.67, 100.04, 1675644173456
-14.67, 100.04, 1675644174107
-14.62, 100.08, 1675644175301
-14.62, 100.08, 1675644176094
-14.57, 100.11, 1675644177251
-14.57, 100.11, 1675644178235
-14.53, 100.15, 1675644179219
-14.53, 100.15, 1675644180139
-14.48, 100.19, 1675644181152
-14.48, 100.19, 1675644182165
-14.43, 100.23, 1675644183175
-14.38, 100.27, 1675644184201
-18.44, 97.04, 1675644185026
-14.38, 100.27, 1675644185215
-14.33, 100.31, 1675644186246
-14.33, 100.31, 1675644187190
-14.28, 100.35, 1675644188305
-14.23, 100.38, 1675644189292
-14.23, 100.38, 1675644190098
-14.18, 100.42, 1675644191339
-14.18, 100.42, 1675644192060
-14.13, 100.46, 1675644193507
-14.13, 100.46, 1675644194074
-14.08, 100.50, 1675644195393
-14.08, 100.50, 1675644196044
-14.03, 100.54, 1675644197406
-14.03, 100.54, 1675644198061
-13.98, 100.58, 1675644199396
-13.98, 100.58, 1675644200051
-13.93, 100.61, 1675644201409
-13.93, 100.61, 1675644202051
-13.88, 100.65, 1675644203403
-13.88, 100.65, 1675644204148
-13.83, 100.69, 1675644205359
-13.83, 100.69, 1675644206083
-13.78, 100.73, 1675644207406
-13.78, 100.73, 1675644208045
-13.73, 100.77, 1675644209407
-13.73, 100.77, 1675644210042
-13.68, 100.81, 1675644211404
-13.68, 100.81, 1675644212035
-13.63, 100.84, 1675644213538
-13.63, 100.84, 1675644214088
-13.58, 100.88, 1675644215387
-13.58, 100.88, 1675644216065
-13.53, 100.92, 1675644217391
-13.53, 100.92, 1675644218077
-13.48, 100.96, 1675644219393
-13.48, 100.96, 1675644220046
-13.43, 101.00, 1675644221423
-13.43, 101.00, 1675644222029
-13.37, 101.04, 1675644223580
-13.37, 101.04, 1675644224011
-13.32, 101.07, 1675644225426
-13.32, 101.07, 1675644226017
-13.27, 101.11, 1675644227422
-13.27, 101.11, 1675644228061
-13.22, 101.15, 1675644229394
-13.22, 101.15, 1675644230038
-13.17, 101.19, 1675644231414
-13.17, 101.19, 1675644232039
-13.12, 101.23, 1675644233551
-13.12, 101.23, 1675644234064
-13.07, 101.26, 1675644235412
-13.07, 101.26, 1675644236035
-13.02, 101.30, 1675644237416
-13.02, 101.30, 1675644238064
-12.97, 101.34, 1675644239396
-12.97, 101.34, 1675644240048
-12.92, 101.38, 1675644241388
-12.92, 101.38, 1675644242044
-12.87, 101.42, 1675644243505
-12.87, 101.42, 1675644244110
-18.39, 97.08, 1675644245376
-12.82, 101.45, 1675644245509
-12.82, 101.45, 1675644246012
-12.77, 101.49, 1675644247341
-12.77, 101.49, 1675644248099
-12.72, 101.53, 1675644249330
-12.72, 101.53, 1675644250079
-12.67, 101.57, 1675644251292
-12.67, 101.57, 1675644252092
-12.62, 101.61, 1675644253374
-12.62, 101.61, 1675644254067
-12.57, 101.64, 1675644255165
-12.57, 101.64, 1675644256177
-12.52, 101.68, 1675644257130
-12.47, 101.72, 1675644258486
-12.47, 101.72, 1675644259089
-12.42, 101.76, 1675644260383
-12.42, 101.76, 1675644261074
-12.37, 101.80, 1675644262393
-12.37, 101.80, 1675644263047
-12.32, 101.83, 1675644264232
-12.32, 101.83, 1675644265010
-12.27, 101.87, 1675644266422
-12.27, 101.87, 1675644267031
-12.22, 101.91, 1675644268542
-12.22, 101.91, 1675644269063
-12.17, 101.95, 1675644270397
-12.17, 101.95, 1675644271041
-12.12, 101.98, 1675644272414
-12.12, 101.98, 1675644273070
-12.07, 102.02, 1675644274392
-12.07, 102.02, 1675644275044
-12.02, 102.06, 1675644276417
-12.02, 102.06, 1675644277036
-11.97, 102.10, 1675644278567
-11.97, 102.10, 1675644279052
-11.92, 102.13, 1675644280417
-11.92, 102.13, 1675644281039
-11.87, 102.17, 1675644282408
-11.87, 102.17, 1675644283063
-11.82, 102.21, 1675644284393
-11.82, 102.21, 1675644285041
-11.77, 102.25, 1675644286382
-11.77, 102.25, 1675644287043
-11.72, 102.29, 1675644288482
-11.72, 102.29, 1675644289099
-11.72, 102.29, 1675644290246
-11.72, 102.29, 1675644291216
-4.22, 107.73, 1675644292332
-4.22, 107.73, 1675644293066
-4.17, 107.76, 1675644294301
-4.17, 107.76, 1675644295086
-4.12, 107.80, 1675644296252
-4.12, 107.80, 1675644297101
-4.06, 107.84, 1675644298293
-4.01, 107.87, 1675644299180
-3.96, 107.91, 1675644300161
-3.91, 107.94, 1675644301169
-3.86, 107.98, 1675644302157
-3.81, 108.02, 1675644303287
-3.76, 108.05, 1675644304090
-18.34, 97.12, 1675644305198
-3.71, 108.09, 1675644305343
-3.71, 108.09, 1675644306087
-3.66, 108.12, 1675644307388
-3.66, 108.12, 1675644308066
-3.61, 108.16, 1675644309385
-3.61, 108.16, 1675644310035
-3.55, 108.20, 1675644311411
-3.55, 108.20, 1675644312029
-3.50, 108.23, 1675644313545
-3.50, 108.23, 1675644314012
-3.45, 108.27, 1675644315188
-3.40, 108.30, 1675644316139
-3.35, 108.34, 1675644317176
-3.30, 108.38, 1675644318281
-3.25, 108.41, 1675644319199
-3.20, 108.45, 1675644320146
-3.15, 108.48, 1675644321176
-3.10, 108.52, 1675644322154
-3.04, 108.56, 1675644323288
-2.99, 108.59, 1675644324196
-2.94, 108.63, 1675644325168
-2.89, 108.66, 1675644326163
-2.84, 108.70, 1675644327249
-2.84, 108.70, 1675644328242
-2.79, 108.74, 1675644329314
-2.79, 108.74, 1675644330076
-2.74, 108.77, 1675644331281
-2.74, 108.77, 1675644332100
-2.69, 108.81, 1675644333397
-2.69, 108.81, 1675644334145
-2.64, 108.85, 1675644335161
-2.59, 108.88, 1675644336200
-2.59, 108.88, 1675644337138
-2.53, 108.92, 1675644338485
-2.53, 108.92, 1675644339111
-2.48, 108.95, 1675644340370
-2.48, 108.95, 1675644341050
-2.43, 108.99, 1675644342408
-2.43, 108.99, 1675644343095
-2.38, 109.03, 1675644344380
-2.38, 109.03, 1675644345094
-2.33, 109.06, 1675644346386
-2.33, 109.06, 1675644347079
-2.28, 109.10, 1675644348518
-2.28, 109.10, 1675644349081
-2.23, 109.13, 1675644350388
-2.23, 109.13, 1675644351054
-2.18, 109.17, 1675644352406
-2.18, 109.17, 1675644353036
-2.13, 109.21, 1675644354419
-2.13, 109.21, 1675644355022
-2.08, 109.24, 1675644356422
-2.08, 109.24, 1675644357022
-2.02, 109.28, 1675644358543
-2.02, 109.28, 1675644359024
-1.97, 109.31, 1675644360417
-1.97, 109.31, 1675644361032
-1.92, 109.35, 1675644362416
-1.92, 109.35, 1675644363064
-1.87, 109.38, 1675644364391
-18.34, 97.12, 1675644365067
-1.87, 109.38, 1675644365209
-1.82, 109.42, 1675644366340
-1.82, 109.42, 1675644367065
-1.77, 109.46, 1675644368547
-1.77, 109.46, 1675644369076
-1.72, 109.49, 1675644370392
-1.72, 109.49, 1675644371059
-1.67, 109.53, 1675644372381
-1.67, 109.53, 1675644373078
-1.62, 109.56, 1675644374374
-1.62, 109.56, 1675644375068
-1.57, 109.60, 1675644376367
-1.57, 109.60, 1675644377060
-1.51, 109.64, 1675644378464
-1.51, 109.64, 1675644379105
-1.46, 109.67, 1675644380324
-1.46, 109.67, 1675644381078
-1.41, 109.71, 1675644382289
-1.41, 109.71, 1675644383128
-1.36, 109.74, 1675644384245
-1.36, 109.74, 1675644385051
-1.31, 109.78, 1675644386155
-1.26, 109.82, 1675644387167
-1.21, 109.85, 1675644388283
-1.16, 109.89, 1675644389195
-1.11, 109.92, 1675644390145
-1.06, 109.96, 1675644391175
-1.00, 110.00, 1675644392148
-0.95, 110.03, 1675644393289
-0.90, 110.07, 1675644394116
-0.85, 110.10, 1675644395070
-0.80, 110.14, 1675644396055
-0.75, 110.18, 1675644397218
-0.75, 110.18, 1675644398138
-0.70, 110.21, 1675644399359
-0.70, 110.21, 1675644400044
-0.65, 110.25, 1675644401414
-0.65, 110.25, 1675644402036
-0.60, 110.28, 1675644403533
-0.60, 110.28, 1675644404074
-0.54, 110.32, 1675644405389
-0.54, 110.32, 1675644406036
-0.49, 110.36, 1675644407423
-0.49, 110.36, 1675644408054
-0.44, 110.39, 1675644409424
-0.44, 110.39, 1675644410030
-0.39, 110.43, 1675644411441
-0.39, 110.43, 1675644412025
-0.34, 110.46, 1675644413545
-0.34, 110.46, 1675644414060
-0.29, 110.50, 1675644415404
-0.29, 110.50, 1675644416118
-0.24, 110.54, 1675644417377
-0.24, 110.54, 1675644418059
-0.19, 110.57, 1675644419357
-0.19, 110.57, 1675644420063
-0.14, 110.61, 1675644421334
-0.14, 110.61, 1675644422071
-0.09, 110.64, 1675644423420
-0.09, 110.64, 1675644424120
-18.34, 97.12, 1675644425267
-0.03, 110.68, 1675644425413
-0.03, 110.68, 1675644426059
0.02, 110.71, 1675644427183
0.07, 110.75, 1675644428277
0.12, 110.79, 1675644429162
0.17, 110.82, 1675644430167
0.22, 110.86, 1675644431156
0.27, 110.89, 1675644432162
0.32, 110.93, 1675644433254
0.37, 110.97, 1675644434199
0.37, 110.97, 1675644435111
0.42, 111.00, 1675644436269
0.42, 111.00, 1675644437104
0.48, 111.04, 1675644438487
0.48, 111.04, 1675644439107
0.53, 111.07, 1675644440370
0.53, 111.07, 1675644441066
0.58, 111.11, 1675644442389
0.58, 111.11, 1675644443065
0.63, 111.15, 1675644444390
0.63, 111.15, 1675644445048
0.68, 111.18, 1675644446200
0.68, 111.18, 1675644447025
0.73, 111.22, 1675644448538
0.73, 111.22, 1675644449068
0.78, 111.25, 1675644450400
0.78, 111.25, 1675644451045
0.83, 111.29, 1675644452412
0.83, 111.29, 1675644453059
0.88, 111.33, 1675644454391
0.88, 111.33, 1675644455056
0.94, 111.36, 1675644456087
0.99, 111.40, 1675644457203
0.99, 111.40, 1675644458267
1.04, 111.43, 1675644459308
1.04, 111.43, 1675644460161
1.09, 111.47, 1675644461339
1.09, 111.47, 1675644462148
1.14, 111.51, 1675644463482
1.14, 111.51, 1675644464092
1.19, 111.54, 1675644465372
1.19, 111.54, 1675644466050
1.24, 111.58, 1675644467405
1.24, 111.58, 1675644468064
1.29, 111.61, 1675644469391
1.29, 111.61, 1675644470043
1.34, 111.65, 1675644471421
1.34, 111.65, 1675644472031
1.39, 111.69, 1675644473530
1.39, 111.69, 1675644474061
1.45, 111.72, 1675644475387
1.45, 111.72, 1675644476043
1.50, 111.76, 1675644477409
1.50, 111.76, 1675644478068
1.55, 111.79, 1675644479389
1.55, 111.79, 1675644480055
1.60, 111.83, 1675644481409
1.60, 111.83, 1675644482036
1.65, 111.87, 1675644483539
1.65, 111.87, 1675644484089
-3.35, 108.34, 1675644485382
1.70, 111.90, 1675644485518
1.70, 111.90, 1675644486019
1.75, 111.94, 1675644487416
1.75, 111.94, 1675644488066
1.80, 111.97, 1675644489395
1.80, 111.97, 1675644490038
1.85, 112.01, 1675644491425
1.85, 112.01, 1675644492028
1.90, 112.04, 1675644493585
1.96, 112.08, 1675644495505
1.96, 112.08, 1675644496017
2.01, 112.12, 1675644497414
2.01, 112.12, 1675644498068
2.06, 112.15, 1675644499388
2.06, 112.15, 1675644500039
2.11, 112.19, 1675644501415
2.11, 112.19, 1675644502033
2.16, 112.22, 1675644503223
2.21, 112.26, 1675644504225
2.21, 112.26, 1675644505131
2.26, 112.30, 1675644506303
2.26, 112.30, 1675644507084
2.31, 112.33, 1675644508512
2.31, 112.33, 1675644509081
2.36, 112.37, 1675644510390
2.36, 112.37, 1675644511045
2.42, 112.40, 1675644512408
2.42, 112.40, 1675644513062
2.47, 112.44, 1675644514388
2.47, 112.44, 1675644515047
2.52, 112.48, 1675644516410
2.52, 112.48, 1675644517035
2.57, 112.51, 1675644518541
2.57, 112.51, 1675644519053
2.62, 112.55, 1675644520400
2.62, 112.55, 1675644521059
2.67, 112.58, 1675644522399
2.67, 112.58, 1675644523074
2.72, 112.62, 1675644524391
2.72, 112.62, 1675644525054
2.77, 112.66, 1675644526406
2.77, 112.66, 1675644527039
2.82, 112.69, 1675644528531
2.82, 112.69, 1675644529093
2.87, 112.73, 1675644530386
2.87, 112.73, 1675644531056
2.93, 112.77, 1675644532403
2.93, 112.77, 1675644533068
2.98, 112.80, 1675644534392
2.98, 112.80, 1675644535048
3.03, 112.84, 1675644536405
3.03, 112.84, 1675644537040
3.08, 112.87, 1675644538530
3.08, 112.87, 1675644539020
3.13, 112.91, 1675644540417
3.13, 112.91, 1675644541013
3.18, 112.95, 1675644542427
3.18, 112.95, 1675644543031
3.23, 112.98, 1675644544411
-3.30, 108.38, 1675644545033
3.23, 112.98, 1675644545170
3.28, 113.02, 1675644546264
3.28, 113.02, 1675644547112
3.33, 113.05, 1675644548510
3.33, 113.05, 1675644549080
3.38, 113.09, 1675644550389
3.38, 113.09, 1675644551044
3.44, 113.13, 1675644552374
3.44, 113.13, 1675644553084
3.49, 113.16, 1675644554363
3.49, 113.16, 1675644555054
3.54, 113.20, 1675644556340
3.54, 113.20, 1675644557059
3.59, 113.23, 1675644558473
3.59, 113.23, 1675644559115
3.64, 113.27, 1675644560274
3.64, 113.27, 1675644561117
3.69, 113.31, 1675644562216
3.69, 113.31, 1675644563191
-3.30, 108.38, 1675644855732
3.74, 113.34, 1675644855882
3.74, 113.34, 1675644870062
3.74, 113.34, 1675644870554
24.20, 129.36, 1675644871552
24.24, 129.40, 1675644872553
24.29, 129.45, 1675644873554
24.34, 129.49, 1675644874547
24.39, 129.54, 1675644875555
24.43, 129.58, 1675644876554
24.48, 129.62, 1675644877553
24.53, 129.67, 1675644878554
24.58, 129.71, 1675644879554
24.62, 129.76, 1675644880555
24.67, 129.80, 1675644881557
24.72, 129.85, 1675644882556
24.77, 129.89, 1675644883560
24.81, 129.93, 1675644884555
24.86, 129.98, 1675644885556
24.91, 130.02, 1675644886554
24.96, 130.07, 1675644887553
25.00, 130.11, 1675644888557
25.05, 130.16, 1675644889557
25.10, 130.20, 1675644890557
25.15, 130.25, 1675644891557
25.19, 130.29, 1675644892557
25.24, 130.34, 1675644893554
25.29, 130.38, 1675644894554
25.33, 130.43, 1675644895557
25.38, 130.47, 1675644896554
25.43, 130.51, 1675644897556
25.48, 130.56, 1675644898554
25.52, 130.60, 1675644899556
-3.25, 108.41, 1675644899931
25.57, 130.65, 1675644900553
25.62, 130.69, 1675644901556
25.66, 130.74, 1675644902554
25.71, 130.78, 1675644903557
25.76, 130.83, 1675644904554
25.81, 130.88, 1675644905557
25.85, 130.92, 1675644906554
25.90, 130.97, 1675644907554
25.95, 131.01, 1675644908554
25.99, 131.06, 1675644909554
26.04, 131.10, 1675644910554
26.09, 131.15, 1675644911555
26.14, 131.19, 1675644912554
26.18, 131.24, 1675644913554
26.23, 131.28, 1675644914554
26.28, 131.33, 1675644915557
26.32, 131.37, 1675644916556
26.37, 131.42, 1675644917554
26.42, 131.47, 1675644918556
26.46, 131.51, 1675644919555
26.51, 131.56, 1675644920556
26.56, 131.60, 1675644921555
26.60, 131.65, 1675644922556
26.65, 131.70, 1675644923550
26.70, 131.74, 1675644924547
26.74, 131.79, 1675644925548
26.79, 131.83, 1675644926548
26.84, 131.88, 1675644927548
26.88, 131.93, 1675644928548
26.93, 131.97, 1675644929547
26.98, 132.02, 1675644930550
27.02, 132.06, 1675644931548
27.07, 132.11, 1675644932548
27.12, 132.16, 1675644933554
27.16, 132.20, 1675644934551
27.21, 132.25, 1675644935551
27.26, 132.30, 1675644936552
27.30, 132.34, 1675644937551
27.35, 132.39, 1675644938554
27.40, 132.44, 1675644939552
27.44, 132.48, 1675644940552
27.49, 132.53, 1675644941552
27.54, 132.58, 1675644942548
27.58, 132.62, 1675644943557
27.63, 132.67, 1675644944554
27.68, 132.72, 1675644945553
27.72, 132.76, 1675644946554
27.77, 132.81, 1675644947547
27.81, 132.86, 1675644948556
27.86, 132.90, 1675644949985
27.91, 132.95, 1675644951078
27.91, 132.95, 1675644952034
27.95, 133.00, 1675644953388
27.95, 133.00, 1675644954017
28.00, 133.04, 1675644955249
28.00, 133.04, 1675644955991
28.05, 133.09, 1675644957213
28.05, 133.09, 1675644958051
28.09, 133.14, 1675644959185
-3.25, 108.41, 1675644960029
28.09, 133.14, 1675644960145
28.14, 133.19, 1675644961160
28.14, 133.19, 1675644962037
28.18, 133.23, 1675644963225
28.18, 133.23, 1675644964117
28.23, 133.28, 1675644965072
28.28, 133.33, 1675644966080
28.32, 133.38, 1675644967071
28.37, 133.42, 1675644968203
28.42, 133.47, 1675644969023
28.46, 133.52, 1675644970297
28.46, 133.52, 1675644970961
28.51, 133.57, 1675644972324
28.51, 133.57, 1675644973001
28.55, 133.61, 1675644974309
28.55, 133.61, 1675644974973
28.60, 133.66, 1675644976323
28.60, 133.66, 1675644976962
28.65, 133.71, 1675644978448
28.65, 133.71, 1675644978992
28.69, 133.76, 1675644980311
28.69, 133.76, 1675644980964
28.74, 133.80, 1675644982327
28.74, 133.80, 1675644982946
28.78, 133.85, 1675644984352
28.78, 133.85, 1675644984934
28.83, 133.90, 1675644986338
28.83, 133.90, 1675644986928
28.87, 133.95, 1675644988488
28.87, 133.95, 1675644988950
28.92, 134.00, 1675644990338
28.92, 134.00, 1675644990946
28.97, 134.04, 1675644992336
28.97, 134.04, 1675644992983
29.01, 134.09, 1675644994007
29.06, 134.14, 1675644995134
29.06, 134.14, 1675644996053
29.10, 134.19, 1675644997275
29.10, 134.19, 1675644997974
29.15, 134.24, 1675644999313
29.15, 134.24, 1675644999954
29.20, 134.29, 1675645001320
29.20, 134.29, 1675645001960
29.24, 134.33, 1675645003458
29.24, 134.33, 1675645003994
29.29, 134.38, 1675645005314
29.29, 134.38, 1675645005959
29.33, 134.43, 1675645007327
29.33, 134.43, 1675645007987
29.38, 134.48, 1675645009079
29.38, 134.48, 1675645010088
29.42, 134.53, 1675645011075
29.47, 134.58, 1675645012087
29.51, 134.63, 1675645013205
29.56, 134.67, 1675645014013
29.61, 134.72, 1675645015303
29.61, 134.72, 1675645016052
29.65, 134.77, 1675645017270
29.65, 134.77, 1675645017974
29.70, 134.82, 1675645019318
24.20, 129.36, 1675645019960
29.70, 134.82, 1675645020125
29.74, 134.87, 1675645021173
29.74, 134.87, 1675645022004
29.79, 134.92, 1675645023467
29.79, 134.92, 1675645023990
29.83, 134.97, 1675645025321
29.83, 134.97, 1675645025966
29.88, 135.02, 1675645027319
29.88, 135.02, 1675645027951
29.92, 135.06, 1675645029338
29.92, 135.06, 1675645029950
29.97, 135.11, 1675645031328
29.97, 135.11, 1675645031948
30.01, 135.16, 1675645043581
30.06, 135.21, 1675645062156
30.10, 135.26, 1675645075323
24.24, 129.40, 1675645080681
30.15, 135.31, 1675645086552
30.20, 135.36, 1675645100686
30.29, 135.46, 1675645120288
30.29, 135.46, 1675645133274
24.34, 129.49, 1675645140140
30.33, 135.51, 1675645149093
30.38, 135.56, 1675645163902
30.38, 135.56, 1675645179202
37.23, 144.14, 1675645193020
24.34, 129.49, 1675645200676
37.27, 144.19, 1675645208063
37.31, 144.25, 1675645222552
37.39, 144.37, 1675645238306
37.39, 144.37, 1675645263487
24.34, 129.49, 1675645263498
37.43, 144.43, 1675645341063
36.94, 143.73, 1675645341078
36.94, 143.73, 1675645383491
37.47, 144.49, 1675645383479
37.51, 144.55, 1675645458490
37.02, 143.84, 1675645458502
37.55, 144.61, 1675645513613
37.06, 143.90, 1675645513630
37.06, 143.90, 1675645575896
37.55, 144.61, 1675645575890
47.74, 166.10, 1675645634487
47.74, 166.10, 1675645634470
47.76, 166.19, 1675645695609
47.79, 166.27, 1675645695644
47.79, 166.27, 1675645755176
47.79, 166.27, 1675645755170
47.81, 166.35, 1675645814863
51.59, -171.86, 1675645814874
51.60, -171.76, 1675645875082
47.81, 166.35, 1675645875075
51.60, -171.66, 1675645934945
51.80, -165.99, 1675645934938
51.61, -171.56, 1675645995072
51.80, -165.89, 1675645995068
51.61, -171.56, 1675646055236
51.80, -165.79, 1675646055243
51.80, -165.69, 1675646115260
51.61, -171.56, 1675646115265
51.80, -165.69, 1675646175164
51.61, -171.56, 1675646175183
48.04, -137.50, 1675646235138
48.04, -137.50, 1675646235130
48.04, -137.50, 1675646294869
48.02, -137.42, 1675646294869
48.02, -137.42, 1675646354802
47.99, -137.34, 1675646354800
47.99, -137.34, 1675646414696
47.99, -137.34, 1675646414691
47.97, -137.25, 1675646474483
47.99, -137.34, 1675646474478
38.17, -115.92, 1675646534107
47.97, -137.25, 1675646534446
38.13, -115.85, 1675646540270
38.09, -115.79, 1675646540564
38.05, -115.73, 1675646541567
38.01, -115.67, 1675646543075
37.97, -115.61, 1675646544128
37.93, -115.55, 1675646545108
37.89, -115.49, 1675646546086
37.85, -115.43, 1675646547160
37.81, -115.37, 1675646548215
37.77, -115.32, 1675646549023
37.73, -115.26, 1675646550115
37.69, -115.20, 1675646551070
37.65, -115.14, 1675646552087
37.61, -115.08, 1675646553283
37.57, -115.02, 1675646553989
37.53, -114.96, 1675646555142
37.49, -114.90, 1675646556013
35.76, -112.47, 1675646556064
35.72, -112.42, 1675646556225
37.45, -114.84, 1675646557012
35.68, -112.36, 1675646557222
37.41, -114.78, 1675646558046
37.37, -114.72, 1675646559109
37.33, -114.66, 1675646560076
37.29, -114.60, 1675646561085
37.25, -114.55, 1675646562080
37.21, -114.49, 1675646563262
37.16, -114.43, 1675646564004
37.12, -114.37, 1675646565136
37.08, -114.31, 1675646566066
37.04, -114.25, 1675646567105
37.00, -114.19, 1675646568198
36.96, -114.14, 1675646569041
36.92, -114.08, 1675646570115
36.88, -114.02, 1675646571082
36.84, -113.96, 1675646572094
36.80, -113.90, 1675646573201
36.76, -113.85, 1675646574029
36.71, -113.79, 1675646575062
36.67, -113.73, 1675646576105
36.63, -113.67, 1675646577054
36.59, -113.61, 1675646578224
36.55, -113.56, 1675646579028
36.51, -113.50, 1675646580118
36.47, -113.44, 1675646581000
36.43, -113.38, 1675646582069
36.39, -113.33, 1675646583073
36.34, -113.27, 1675646584086
36.30, -113.21, 1675646585116
36.26, -113.15, 1675646586066
36.22, -113.10, 1675646587109
36.18, -113.04, 1675646588188
36.14, -112.98, 1675646588961
36.09, -112.93, 1675646590147
36.05, -112.87, 1675646591052
36.01, -112.81, 1675646592091
35.97, -112.76, 1675646593241
35.93, -112.70, 1675646594003
35.89, -112.64, 1675646595133
35.85, -112.59, 1675646596060
35.80, -112.53, 1675646597052
35.76, -112.47, 1675646598264
35.72, -112.42, 1675646599000
35.68, -112.36, 1675646600129
35.64, -112.30, 1675646601072
35.59, -112.25, 1675646602092
35.55, -112.19, 1675646603208
35.51, -112.14, 1675646604057
35.47, -112.08, 1675646605101
35.43, -112.02, 1675646606124
35.38, -111.97, 1675646607067
35.34, -111.91, 1675646608255
35.30, -111.86, 1675646609007
35.26, -111.80, 1675646610072
35.22, -111.75, 1675646611106
35.17, -111.69, 1675646612067
35.13, -111.63, 1675646613227
35.09, -111.58, 1675646614035
35.05, -111.52, 1675646615133
35.00, -111.47, 1675646616041
34.96, -111.41, 1675646617144
34.92, -111.36, 1675646618147
34.88, -111.30, 1675646619081
34.83, -111.25, 1675646619986
34.79, -111.19, 1675646621146
34.75, -111.14, 1675646621953
34.71, -111.08, 1675646623240
34.66, -111.03, 1675646623971
34.62, -110.97, 1675646625041
34.62, -110.97, 1675646625955
34.62, -110.97, 1675646627369
26.37, -101.80, 1675646627970
26.32, -101.76, 1675646629139
26.27, -101.71, 1675646630097
26.23, -101.66, 1675646631080
26.18, -101.62, 1675646632093
26.13, -101.57, 1675646633230
26.09, -101.53, 1675646634030
26.04, -101.48, 1675646635100
25.99, -101.44, 1675646636083
25.94, -101.39, 1675646637079
25.90, -101.35, 1675646638197
25.85, -101.30, 1675646639051
25.80, -101.26, 1675646640017
25.76, -101.21, 1675646640955
25.71, -101.17, 1675646642285
25.71, -101.17, 1675646642996
25.66, -101.12, 1675646644143
25.62, -101.08, 1675646645089
25.57, -101.03, 1675646646081
25.52, -100.99, 1675646647099
25.47, -100.94, 1675646648202
25.43, -100.90, 1675646649055
25.38, -100.85, 1675646650101
25.33, -100.81, 1675646651098
25.29, -100.76, 1675646652074
25.24, -100.72, 1675646653189
25.19, -100.67, 1675646654043
25.14, -100.63, 1675646655019
25.10, -100.58, 1675646655971
25.05, -100.54, 1675646656931
25.00, -100.50, 1675646658467
25.00, -100.50, 1675646658990
24.96, -100.45, 1675646660130
24.91, -100.41, 1675646661011
24.86, -100.36, 1675646662111
24.81, -100.32, 1675646663093
24.77, -100.27, 1675646664075
24.72, -100.23, 1675646664939
24.67, -100.18, 1675646666042
24.67, -100.18, 1675646667066
24.62, -100.14, 1675646668207
24.58, -100.10, 1675646668996
24.53, -100.05, 1675646670228
24.48, -100.01, 1675646670998
24.43, -99.96, 1675646671924
24.39, -99.92, 1675646673328
24.39, -99.92, 1675646674054
24.34, -99.88, 1675646675132
24.29, -99.83, 1675646676079
24.24, -99.79, 1675646677099
24.20, -99.74, 1675646678228
24.15, -99.70, 1675646678999
24.10, -99.66, 1675646680059
24.05, -99.61, 1675646681047
24.01, -99.57, 1675646682011
23.96, -99.53, 1675646685381
23.91, -99.48, 1675646686004
23.86, -99.44, 1675646687134
23.86, -99.44, 1675646700222
23.82, -99.40, 1675646711716
23.77, -99.35, 1675646723402
23.72, -99.31, 1675646735215
23.67, -99.26, 1675646752870
23.62, -99.22, 1675646767530
23.53, -99.13, 1675646778946
23.53, -99.13, 1675646789454
23.48, -99.09, 1675646800380
23.43, -99.05, 1675646811794
23.34, -98.96, 1675646837023
23.29, -98.92, 1675646879980
23.24, -98.87, 1675646940288
23.19, -98.83, 1675647000343
23.19, -98.83, 1675647060352
10.98, -88.96, 1675647120160
10.88, -88.88, 1675647179964
10.83, -88.84, 1675647240258
10.78, -88.81, 1675647300054
10.78, -88.81, 1675647360360
-4.25, -78.09, 1675647420289
-4.30, -78.06, 1675647480025
-4.35, -78.02, 1675647540011
-4.40, -77.98, 1675647593062
-4.40, -77.98, 1675647593552
-19.27, -66.74, 1675647594553
-19.32, -66.70, 1675647595552
-19.37, -66.66, 1675647596554
-19.42, -66.62, 1675647597553
-19.47, -66.58, 1675647598557
-19.52, -66.54, 1675647599556
-19.57, -66.50, 1675647600555
-19.62, -66.46, 1675647601556
-19.66, -66.42, 1675647602555
-19.71, -66.38, 1675647603556
-19.76, -66.34, 1675647604556
-19.81, -66.29, 1675647605555
-19.86, -66.25, 1675647606555
-19.91, -66.21, 1675647607559
-19.96, -66.17, 1675647608559
-20.01, -66.13, 1675647609555
-20.05, -66.09, 1675647610557
-20.10, -66.05, 1675647611559
-20.15, -66.01, 1675647612557
-20.20, -65.97, 1675647613551
-20.25, -65.92, 1675647614557
-20.30, -65.88, 1675647615559
-20.35, -65.84, 1675647616557
-20.39, -65.80, 1675647617557
-20.44, -65.76, 1675647618550
-20.49, -65.72, 1675647619557
-20.54, -65.68, 1675647620556
-20.59, -65.64, 1675647621558
-20.64, -65.59, 1675647622559
-20.69, -65.55, 1675647623559
-20.73, -65.51, 1675647624559
-20.78, -65.47, 1675647625559
-20.83, -65.43, 1675647626559
-20.88, -65.39, 1675647627560
-20.93, -65.34, 1675647628559
-20.98, -65.30, 1675647629559
-21.03, -65.26, 1675647630556
-21.07, -65.22, 1675647631559
-21.12, -65.18, 1675647632556
-21.17, -65.14, 1675647633559
-21.22, -65.09, 1675647634556
-21.27, -65.05, 1675647635559
-21.32, -65.01, 1675647636556
-21.36, -64.97, 1675647637559
-21.41, -64.93, 1675647638556
-21.46, -64.89, 1675647639559
-21.51, -64.84, 1675647640556
-21.56, -64.80, 1675647641556
-21.61, -64.76, 1675647642556
-21.65, -64.72, 1675647643549
-21.70, -64.68, 1675647644556
-21.75, -64.63, 1675647645559
-21.80, -64.59, 1675647646556
-21.85, -64.55, 1675647647551
-21.89, -64.51, 1675647648551
-21.94, -64.46, 1675647649559
-21.99, -64.42, 1675647650556
-22.04, -64.38, 1675647651559
-22.09, -64.34, 1675647652556
-22.14, -64.29, 1675647653556
-22.18, -64.25, 1675647654557
-22.23, -64.21, 1675647655550
-22.28, -64.17, 1675647656550
-22.33, -64.13, 1675647657549
-22.38, -64.08, 1675647658552
-22.42, -64.04, 1675647659551
-22.47, -64.00, 1675647660550
-22.52, -63.95, 1675647661551
-22.57, -63.91, 1675647662551
-22.62, -63.87, 1675647663553
-22.66, -63.83, 1675647664552
-22.71, -63.78, 1675647665549
-22.76, -63.74, 1675647666552
-22.81, -63.70, 1675647667551
-22.86, -63.66, 1675647668555
-22.90, -63.61, 1675647669551
-22.95, -63.57, 1675647670552
-23.00, -63.53, 1675647671554
-23.05, -63.48, 1675647672553
-23.10, -63.44, 1675647673553
-23.14, -63.40, 1675647674553
-23.19, -63.35, 1675647675553
-23.24, -63.31, 1675647676553
-23.29, -63.27, 1675647677554
-23.33, -63.23, 1675647678549
-23.38, -63.18, 1675647679559
-23.43, -63.14, 1675647680555
-23.48, -63.10, 1675647681555
-23.53, -63.05, 1675647682556
-23.57, -63.01, 1675647683558
-23.62, -62.97, 1675647684556
-23.67, -62.92, 1675647685557
-23.72, -62.88, 1675647686556
-23.76, -62.84, 1675647687556
-23.81, -62.79, 1675647688557
-23.86, -62.75, 1675647689556
-23.91, -62.70, 1675647690557
-23.95, -62.66, 1675647691557
-24.00, -62.62, 1675647692550
-24.05, -62.57, 1675647693558
-24.10, -62.53, 1675647694558
-24.15, -62.49, 1675647695559
-24.19, -62.44, 1675647696558
-24.24, -62.40, 1675647697558
-24.29, -62.35, 1675647698559
-24.34, -62.31, 1675647699559
-24.38, -62.27, 1675647700559
-24.43, -62.22, 1675647701562
-24.48, -62.18, 1675647702560
-24.52, -62.14, 1675647703559
-24.57, -62.09, 1675647704556
-24.62, -62.05, 1675647705559
-24.67, -62.00, 1675647706557
-24.71, -61.96, 1675647707559
-24.76, -61.91, 1675647708557
-24.81, -61.87, 1675647709559
-24.86, -61.83, 1675647710557
-24.90, -61.78, 1675647711559
-24.95, -61.74, 1675647712557
-25.00, -61.69, 1675647713559
-25.05, -61.65, 1675647714557
-25.09, -61.60, 1675647715559
-25.14, -61.56, 1675647716557
-25.19, -61.51, 1675647717559
-25.23, -61.47, 1675647718557
-25.28, -61.43, 1675647719559
-25.33, -61.38, 1675647720557
-25.38, -61.34, 1675647721559
-25.42, -61.29, 1675647722556
-25.47, -61.25, 1675647723556
-25.52, -61.20, 1675647724557
-25.56, -61.16, 1675647725550
-25.61, -61.11, 1675647726556
-25.66, -61.07, 1675647727554
-25.71, -61.02, 1675647728551
-25.75, -60.98, 1675647729562
-25.80, -60.93, 1675647730557
-25.85, -60.89, 1675647731559
-25.89, -60.84, 1675647732557
-25.94, -60.80, 1675647733552
-25.99, -60.75, 1675647734550
-26.03, -60.71, 1675647735550
-26.08, -60.66, 1675647736551
-26.13, -60.62, 1675647737550
-26.17, -60.57, 1675647738552
-26.22, -60.52, 1675647739550
-26.27, -60.48, 1675647740552
-26.31, -60.43, 1675647741551
-26.36, -60.39, 1675647742555
-26.41, -60.34, 1675647743553
-26.45, -60.30, 1675647744552
-26.50, -60.25, 1675647745553
-26.55, -60.21, 1675647746552
-26.59, -60.16, 1675647747557
-26.64, -60.11, 1675647748555
-26.69, -60.07, 1675647749554
-26.73, -60.02, 1675647750555
-26.78, -59.98, 1675647751555
-26.83, -59.93, 1675647752555
-26.87, -59.89, 1675647753555
-26.92, -59.84, 1675647754555
-26.97, -59.79, 1675647755555
-27.01, -59.75, 1675647756555
-27.06, -59.70, 1675647757555
-27.11, -59.65, 1675647758559
-27.15, -59.61, 1675647759557
-27.20, -59.56, 1675647760557
-27.25, -59.52, 1675647761557
-27.29, -59.47, 1675647762557
-27.34, -59.42, 1675647763559
-27.39, -59.38, 1675647764556
-27.43, -59.33, 1675647765559
-27.48, -59.28, 1675647766557
-27.52, -59.24, 1675647767557
-27.57, -59.19, 1675647768550
-27.62, -59.14, 1675647769558
-27.66, -59.10, 1675647770557
-27.71, -59.05, 1675647771558
-27.76, -59.00, 1675647772550
-27.80, -58.96, 1675647773559
-27.85, -58.91, 1675647774559
-27.89, -58.86, 1675647775559
-27.94, -58.82, 1675647776560
-27.99, -58.77, 1675647777560
-28.03, -58.72, 1675647778559
-28.08, -58.68, 1675647779559
-28.12, -58.63, 1675647780557
-28.17, -58.58, 1675647781559
-28.22, -58.53, 1675647782557
-28.26, -58.49, 1675647783559
-28.31, -58.44, 1675647784559
-28.35, -58.39, 1675647785559
-28.40, -58.34, 1675647786557
-28.45, -58.30, 1675647787560
-28.49, -58.25, 1675647788557
-28.54, -58.20, 1675647789559
-28.58, -58.15, 1675647790557
-28.63, -58.11, 1675647791559
-28.68, -58.06, 1675647792558
-28.72, -58.01, 1675647793559
-28.77, -57.96, 1675647794557
-28.81, -57.92, 1675647795559
-28.86, -57.87, 1675647796557
-28.90, -57.82, 1675647797560
-28.95, -57.77, 1675647798557
-29.00, -57.72, 1675647799557
-29.04, -57.68, 1675647800556
-29.09, -57.63, 1675647801559
-29.13, -57.58, 1675647802557
-29.18, -57.53, 1675647803559
-29.22, -57.48, 1675647804556
-29.27, -57.44, 1675647805560
-29.32, -57.39, 1675647806557
-29.36, -57.34, 1675647807560
-29.41, -57.29, 1675647808552
-29.45, -57.24, 1675647809558
-29.50, -57.19, 1675647810558
-29.54, -57.15, 1675647811551
-29.59, -57.10, 1675647812550
-29.63, -57.05, 1675647813550
-29.68, -57.00, 1675647814551
-29.72, -56.95, 1675647815551
-29.77, -56.90, 1675647816552
-29.82, -56.85, 1675647817550
-29.86, -56.80, 1675647818554
-29.91, -56.76, 1675647819552
-29.95, -56.71, 1675647820554
-30.00, -56.66, 1675647821555
-30.04, -56.61, 1675647822552
-30.09, -56.56, 1675647823553
-30.13, -56.51, 1675647824554
-30.18, -56.46, 1675647825554
-30.22, -56.41, 1675647826554
-32.62, -53.68, 1675647827553
-32.67, -53.63, 1675647828558
-32.71, -53.58, 1675647829555
-32.75, -53.52, 1675647830555
-32.80, -53.47, 1675647831555
-32.84, -53.42, 1675647832558
-32.89, -53.37, 1675647833557
-32.93, -53.31, 1675647834556
-32.97, -53.26, 1675647835557
-33.02, -53.21, 1675647836557
-33.06, -53.16, 1675647837560
-33.10, -53.10, 1675647838557
-33.15, -53.05, 1675647839558
-33.19, -53.00, 1675647840557
-33.23, -52.95, 1675647841556
-33.28, -52.89, 1675647842558
-33.32, -52.84, 1675647843561
-33.36, -52.79, 1675647844551
-33.41, -52.73, 1675647845560
-33.45, -52.68, 1675647846551
-33.49, -52.63, 1675647847558
-33.54, -52.57, 1675647848557
-33.58, -52.52, 1675647849559
-33.62, -52.47, 1675647850560
-33.67, -52.41, 1675647851561
-33.71, -52.36, 1675647852560
-33.75, -52.31, 1675647853560
-33.80, -52.25, 1675647854560
-33.84, -52.20, 1675647855559
-33.88, -52.15, 1675647856557
-33.93, -52.09, 1675647857560
-33.97, -52.04, 1675647858557
-34.01, -51.99, 1675647859559
-34.05, -51.93, 1675647860557
-34.10, -51.88, 1675647861558
-34.14, -51.82, 1675647862550
-34.18, -51.77, 1675647863559
-34.23, -51.72, 1675647864557
-34.27, -51.66, 1675647865559
-34.31, -51.61, 1675647866557
-34.35, -51.55, 1675647867560
-34.40, -51.50, 1675647868557
-34.44, -51.44, 1675647869559
-34.48, -51.39, 1675647870557
-34.53, -51.34, 1675647871559
-34.57, -51.28, 1675647872557
-34.61, -51.23, 1675647873560
-34.65, -51.17, 1675647874557
-34.70, -51.12, 1675647875557
-34.74, -51.06, 1675647876557
-34.78, -51.01, 1675647877560
-34.82, -50.95, 1675647878557
-34.87, -50.90, 1675647879560
-34.91, -50.84, 1675647880557
-34.95, -50.79, 1675647881560
-34.99, -50.73, 1675647882557
-35.03, -50.68, 1675647883557
-35.08, -50.62, 1675647884550
-35.12, -50.57, 1675647885552
-35.16, -50.51, 1675647886559
-35.20, -50.45, 1675647887550
-35.25, -50.40, 1675647888555
-35.29, -50.34, 1675647889551
-35.33, -50.29, 1675647890550
-35.37, -50.23, 1675647891552
-35.41, -50.18, 1675647892552
-35.46, -50.12, 1675647893551
-35.50, -50.06, 1675647894552
-35.54, -50.01, 1675647895552
-35.58, -49.95, 1675647896552
-35.62, -49.90, 1675647897555
-35.67, -49.84, 1675647898554
-35.71, -49.78, 1675647899553
-35.75, -49.73, 1675647900554
-35.79, -49.67, 1675647901555
-35.83, -49.62, 1675647902555
-35.87, -49.56, 1675647903556
-35.92, -49.50, 1675647904555
-35.96, -49.45, 1675647905557
-36.00, -49.39, 1675647906556
-36.04, -49.33, 1675647907557
-36.08, -49.28, 1675647908559
-36.12, -49.22, 1675647909557
-36.17, -49.16, 1675647910557
-36.21, -49.10, 1675647911560
-36.25, -49.05, 1675647912557
-36.29, -48.99, 1675647913553
-36.33, -48.93, 1675647914558
-36.37, -48.88, 1675647915552
-36.41, -48.82, 1675647916552
-36.45, -48.76, 1675647917560
-36.50, -48.70, 1675647918559
-36.54, -48.65, 1675647919560
-36.58, -48.59, 1675647920552
-36.62, -48.53, 1675647921552
-36.66, -48.47, 1675647922559
-36.70, -48.42, 1675647923563
-36.74, -48.36, 1675647924562
-36.78, -48.30, 1675647925552
-36.82, -48.24, 1675647926563
-36.87, -48.18, 1675647927560
-36.91, -48.13, 1675647928563
-36.95, -48.07, 1675647929560
-36.99, -48.01, 1675647930561
-37.03, -47.95, 1675647931561
-37.07, -47.89, 1675647932564
-37.11, -47.83, 1675647933562
-37.15, -47.78, 1675647934563
-37.19, -47.72, 1675647935562
-37.23, -47.66, 1675647936562
-37.27, -47.60, 1675647937562
-37.31, -47.54, 1675647938558
-37.35, -47.48, 1675647939562
-37.39, -47.42, 1675647940563
-37.43, -47.36, 1675647941560
-37.48, -47.31, 1675647942563
-37.52, -47.25, 1675647943561
-37.56, -47.19, 1675647944564
-37.60, -47.13, 1675647945561
-37.64, -47.07, 1675647946557
-37.68, -47.01, 1675647947560
-37.72, -46.95, 1675647948555
-37.76, -46.89, 1675647949560
-37.80, -46.83, 1675647950560
-37.84, -46.77, 1675647951560
-37.88, -46.71, 1675647952558
-37.92, -46.65, 1675647953560
-37.96, -46.59, 1675647954558
-38.00, -46.53, 1675647955561
-38.04, -46.47, 1675647956557
-38.08, -46.41, 1675647957560
-38.12, -46.35, 1675647958554
-38.16, -46.29, 1675647959552
-38.20, -46.23, 1675647960558
-38.24, -46.17, 1675647961560
-38.28, -46.11, 1675647962552
-38.32, -46.05, 1675647963555
-38.36, -45.99, 1675647964551
-38.40, -45.93, 1675647965552
-38.44, -45.87, 1675647966553
-38.47, -45.81, 1675647967552
-38.51, -45.75, 1675647968557
-38.55, -45.69, 1675647969553
-38.59, -45.62, 1675647970554
-38.63, -45.56, 1675647971554
-38.67, -45.50, 1675647972554
-38.71, -45.44, 1675647973556
-38.75, -45.38, 1675647974552
-38.79, -45.32, 1675647975558
-38.83, -45.26, 1675647976557
-38.87, -45.20, 1675647977557
-38.91, -45.13, 1675647978558
-38.95, -45.07, 1675647979555
-38.99, -45.01, 1675647980556
-39.02, -44.95, 1675647981558
-39.06, -44.89, 1675647982557
-39.10, -44.82, 1675647983557
-39.14, -44.76, 1675647984555
-39.18, -44.70, 1675647985556
-39.22, -44.64, 1675647986558
-39.26, -44.58, 1675647987558
-39.30, -44.51, 1675647988559
-39.34, -44.45, 1675647989559
-39.37, -44.39, 1675647990559
-39.41, -44.33, 1675647991559
-39.45, -44.26, 1675647992557
-39.49, -44.20, 1675647993563
-39.53, -44.14, 1675647994552
-39.57, -44.08, 1675647995552
-39.61, -44.01, 1675647996552
-39.64, -43.95, 1675647997553
-39.68, -43.89, 1675647998563
-39.72, -43.82, 1675647999561
-39.76, -43.76, 1675648000564
-39.80, -43.70, 1675648001552
-39.84, -43.63, 1675648002563
-39.87, -43.57, 1675648003560
-39.91, -43.51, 1675648004563
-39.95, -43.44, 1675648005561
-39.99, -43.38, 1675648006563
-40.03, -43.32, 1675648007561
-40.06, -43.25, 1675648008564
-40.10, -43.19, 1675648009562
-40.14, -43.12, 1675648010563
-40.18, -43.06, 1675648011554
-40.22, -43.00, 1675648012563
-40.25, -42.93, 1675648013560
-40.29, -42.87, 1675648014563
-40.33, -42.80, 1675648015563
-40.37, -42.74, 1675648016558
-40.40, -42.68, 1675648017563
-40.44, -42.61, 1675648018563
-40.48, -42.55, 1675648019563
-40.52, -42.48, 1675648020559
-40.55, -42.42, 1675648021561
-40.59, -42.35, 1675648022559
-40.63, -42.29, 1675648023561
-40.67, -42.22, 1675648024559
-40.70, -42.16, 1675648025561
-40.74, -42.09, 1675648026559
-40.78, -42.03, 1675648027561
-40.81, -41.96, 1675648028550
-40.85, -41.90, 1675648029561
-40.89, -41.83, 1675648030564
-40.93, -41.77, 1675648031551
-40.96, -41.70, 1675648032557
-41.00, -41.63, 1675648033551
-41.04, -41.57, 1675648034551
-41.07, -41.50, 1675648035551
-41.11, -41.44, 1675648036558
-41.15, -41.37, 1675648037552
-41.18, -41.30, 1675648038551
-41.22, -41.24, 1675648039552
-41.26, -41.17, 1675648040553
-41.29, -41.11, 1675648041553
-41.33, -41.04, 1675648042557
-41.37, -40.97, 1675648043551
-41.40, -40.91, 1675648044554
-41.44, -40.84, 1675648045554
-41.48, -40.77, 1675648046553
-41.51, -40.71, 1675648047556
-41.55, -40.64, 1675648048555
-41.59, -40.57, 1675648049553
-41.62, -40.51, 1675648050555
-41.66, -40.44, 1675648051554
-41.69, -40.37, 1675648052556
-41.73, -40.30, 1675648053557
-41.77, -40.24, 1675648054555
-41.80, -40.17, 1675648055556
-41.84, -40.10, 1675648056557
-41.87, -40.03, 1675648057555
-41.91, -39.97, 1675648058553
-41.95, -39.90, 1675648059556
-41.98, -39.83, 1675648060557
-42.02, -39.76, 1675648061558
-42.05, -39.69, 1675648062558
-42.09, -39.63, 1675648063558
-42.12, -39.56, 1675648064558
-42.16, -39.49, 1675648065557
-42.19, -39.42, 1675648066558
-42.23, -39.35, 1675648067561
-42.27, -39.29, 1675648068558
-42.30, -39.22, 1675648069561
-42.34, -39.15, 1675648070553
-42.37, -39.08, 1675648071553
-42.41, -39.01, 1675648072552
-42.44, -38.94, 1675648073560
-42.48, -38.87, 1675648074553
-42.51, -38.80, 1675648075561
-42.55, -38.73, 1675648076561
-42.58, -38.67, 1675648077552
-42.62, -38.60, 1675648078564
-42.65, -38.53, 1675648079560
-42.69, -38.46, 1675648080562
-42.72, -38.39, 1675648081561
-42.76, -38.32, 1675648082564
-42.79, -38.25, 1675648083561
-42.83, -38.18, 1675648084564
-42.86, -38.11, 1675648085562
-42.89, -38.04, 1675648086564
-42.93, -37.97, 1675648087562
-42.96, -37.90, 1675648088558
-43.00, -37.83, 1675648089561
-43.03, -37.76, 1675648090563
-43.07, -37.69, 1675648091561
-43.10, -37.62, 1675648092564
-43.14, -37.55, 1675648093561
-43.17, -37.48, 1675648094558
-43.20, -37.41, 1675648095560
-43.24, -37.33, 1675648096558
-43.27, -37.26, 1675648097561
-43.31, -37.19, 1675648098559
-43.34, -37.12, 1675648099561
-43.37, -37.05, 1675648100558
-43.41, -36.98, 1675648101561
-43.44, -36.91, 1675648102558
-43.47, -36.84, 1675648103561
-43.51, -36.77, 1675648104564
-43.54, -36.69, 1675648105561
-43.58, -36.62, 1675648106564
-43.61, -36.55, 1675648107560
-43.64, -36.48, 1675648108554
-43.68, -36.41, 1675648109561
-43.71, -36.34, 1675648110558
-43.74, -36.26, 1675648111561
-43.78, -36.19, 1675648112551
-43.81, -36.12, 1675648113561
-43.84, -36.05, 1675648114559
-43.88, -35.97, 1675648115553
-43.91, -35.90, 1675648116553
-43.94, -35.83, 1675648117553
-43.97, -35.76, 1675648118556
-44.01, -35.68, 1675648119553
-44.04, -35.61, 1675648120554
-44.07, -35.54, 1675648121553
-44.11, -35.47, 1675648122553
-44.14, -35.39, 1675648123556
-44.17, -35.32, 1675648124554
-44.20, -35.25, 1675648125555
-44.24, -35.17, 1675648126555
-44.27, -35.10, 1675648127555
-44.30, -35.03, 1675648128555
-44.33, -34.95, 1675648129556
-44.37, -34.88, 1675648130556
-44.40, -34.81, 1675648131556
-44.43, -34.73, 1675648132551
-44.46, -34.66, 1675648133558
-44.49, -34.58, 1675648134559
-44.53, -34.51, 1675648135558
-44.56, -34.44, 1675648136558
-44.59, -34.36, 1675648137558
-44.62, -34.29, 1675648138558
-44.65, -34.21, 1675648139560
-44.69, -34.14, 1675648140558
-44.72, -34.06, 1675648141562
-44.75, -33.99, 1675648142558
-44.78, -33.91, 1675648143554
-44.81, -33.84, 1675648144558
-44.84, -33.76, 1675648145560
-44.88, -33.69, 1675648146553
-44.91, -33.61, 1675648147560
-44.94, -33.54, 1675648148553
-44.97, -33.46, 1675648149553
-45.00, -33.39, 1675648150553
-45.03, -33.31, 1675648151562
-45.06, -33.24, 1675648152552
-45.09, -33.16, 1675648153561
-45.13, -33.09, 1675648154562
-45.16, -33.01, 1675648155553
-45.19, -32.93, 1675648156563
-45.22, -32.86, 1675648157561
-45.25, -32.78, 1675648158563
-45.28, -32.71, 1675648159562
-45.31, -32.63, 1675648160562
-45.34, -32.55, 1675648161562
-45.37, -32.48, 1675648162565
-45.40, -32.40, 1675648163563
-45.43, -32.32, 1675648164563
-45.46, -32.25, 1675648165563
-45.49, -32.17, 1675648166563
-45.52, -32.09, 1675648167553
-45.55, -32.02, 1675648168564
-45.58, -31.94, 1675648169554
-45.61, -31.86, 1675648170564
-45.64, -31.79, 1675648171560
-45.67, -31.71, 1675648172559
-45.70, -31.63, 1675648173562
-45.73, -31.55, 1675648174559
-45.76, -31.48, 1675648175561
-45.79, -31.40, 1675648176559
-45.82, -31.32, 1675648177561
-45.85, -31.24, 1675648178559
-45.88, -31.17, 1675648179561
-45.91, -31.09, 1675648180559
-45.94, -31.01, 1675648181560
-45.97, -30.93, 1675648182559
-46.00, -30.85, 1675648183553
-46.03, -30.77, 1675648184552
-46.06, -30.70, 1675648185551
-46.09, -30.62, 1675648186558
-46.12, -30.54, 1675648187551
-46.15, -30.46, 1675648188551
-46.17, -30.38, 1675648189552
-46.20, -30.30, 1675648190553
-46.23, -30.22, 1675648191552
-46.26, -30.15, 1675648192552
-46.29, -30.07, 1675648193555
-46.32, -29.99, 1675648194554
-46.35, -29.91, 1675648195553
-46.38, -29.83, 1675648196553
-46.40, -29.75, 1675648197554
-46.43, -29.67, 1675648198555
-46.46, -29.59, 1675648199554
-46.49, -29.51, 1675648200556
-46.52, -29.43, 1675648201555
-46.55, -29.35, 1675648202552
-46.57, -29.27, 1675648203558
-46.60, -29.19, 1675648204556
-46.63, -29.11, 1675648205556
-46.66, -29.03, 1675648206557
-46.69, -28.95, 1675648207556
-46.71, -28.87, 1675648208554
-46.74, -28.79, 1675648209556
-46.77, -28.71, 1675648210555
-46.80, -28.63, 1675648211553
-46.82, -28.55, 1675648212552
-46.85, -28.47, 1675648506041
-46.88, -28.39, 1675648507041
-46.91, -28.30, 1675648508043
-46.93, -28.22, 1675648509036
-46.96, -28.14, 1675648510421
-46.99, -28.06, 1675648511041
-47.02, -27.98, 1675648512044
-47.04, -27.90, 1675648513043
-47.07, -27.82, 1675648514046
-47.10, -27.73, 1675648515042
-47.12, -27.65, 1675648516044
-47.15, -27.57, 1675648517043
-47.18, -27.49, 1675648518046
-47.20, -27.41, 1675648519037
-47.23, -27.33, 1675648520046
-47.26, -27.24, 1675648521044
-47.28, -27.16, 1675648522045
-47.31, -27.08, 1675648523046
-47.34, -27.00, 1675648524048
-47.36, -26.91, 1675648525038
-47.39, -26.83, 1675648526047
-47.41, -26.75, 1675648527044
-47.44, -26.67, 1675648528046
-47.47, -26.58, 1675648529047
-47.49, -26.50, 1675648530048
-47.52, -26.42, 1675648531048
-47.54, -26.33, 1675648532435
-47.57, -26.25, 1675648533486
-47.60, -26.17, 1675648534622
-47.62, -26.08, 1675648535666
-47.65, -26.00, 1675648536521
-47.67, -25.92, 1675648537600
-47.70, -25.83, 1675648538555
-47.72, -25.75, 1675648539560
-47.75, -25.67, 1675648540690
-47.77, -25.58, 1675648541496
-47.80, -25.50, 1675648542626
-47.82, -25.42, 1675648543528
-47.85, -25.33, 1675648544459
-47.87, -25.25, 1675648545720
-47.90, -25.16, 1675648546487
-47.92, -25.08, 1675648547622
-47.95, -24.99, 1675648548567
-47.97, -24.91, 1675648549529
-48.00, -24.82, 1675648550687
-48.02, -24.74, 1675648551486
-48.05, -24.66, 1675648552627
-48.07, -24.57, 1675648553532
-48.10, -24.49, 1675648554660
-48.12, -24.40, 1675648555644
-48.14, -24.32, 1675648556532
-48.17, -24.23, 1675648557597
-48.19, -24.15, 1675648558552
-48.22, -24.06, 1675648559662
-48.24, -23.97, 1675648560683
-48.26, -23.89, 1675648561509
-48.29, -23.80, 1675648562566
-48.31, -23.72, 1675648563572
-48.34, -23.63, 1675648564559
-48.36, -23.55, 1675648565690
-48.38, -23.46, 1675648566529
-48.41, -23.37, 1675648567595
-48.43, -23.29, 1675648568532
-48.45, -23.20, 1675648569590
-48.48, -23.12, 1675648570612
-48.50, -23.03, 1675648571552
-48.52, -22.94, 1675648572472
-48.54, -22.86, 1675648573624
-48.57, -22.77, 1675648574435
-48.59, -22.68, 1675648575748
-48.61, -22.60, 1675648576435
-48.64, -22.51, 1675648577635
-48.66, -22.42, 1675648578536
-48.68, -22.34, 1675648579587
-48.70, -22.25, 1675648580661
-48.73, -22.16, 1675648581521
-48.75, -22.07, 1675648582595
-48.77, -21.99, 1675648583539
-48.79, -21.90, 1675648584590
-48.82, -21.81, 1675648585671
-48.84, -21.72, 1675648586520
-48.86, -21.64, 1675648587625
-48.88, -21.55, 1675648588532
-48.90, -21.46, 1675648589621
-48.92, -21.37, 1675648590663
-48.95, -21.29, 1675648591534
-48.97, -21.20, 1675648592671
-48.99, -21.11, 1675648593544
-49.01, -21.02, 1675648594591
-49.03, -20.93, 1675648595671
-49.05, -20.84, 1675648596524
-49.07, -20.76, 1675648597609
-49.10, -20.67, 1675648598621
-49.12, -20.58, 1675648599553
-49.14, -20.49, 1675648600694
-49.16, -20.40, 1675648601502
-49.18, -20.31, 1675648602606
-49.20, -20.22, 1675648603560
-49.22, -20.13, 1675648604577
-49.24, -20.05, 1675648605693
-49.26, -19.96, 1675648606510
-49.28, -19.87, 1675648607526
-49.30, -19.78, 1675648608600
-49.32, -19.69, 1675648609506
-49.34, -19.60, 1675648610730
-49.36, -19.51, 1675648611496
-49.38, -19.42, 1675648612606
-49.40, -19.33, 1675648613460
-49.42, -19.24, 1675648614627
-49.44, -19.15, 1675648615521
-49.46, -19.06, 1675648616597
-49.48, -18.97, 1675648617539
-49.50, -18.88, 1675648618585
-49.52, -18.79, 1675648619566
-49.54, -18.70, 1675648620674
-49.56, -18.61, 1675648621517
-49.58, -18.52, 1675648622585
-49.60, -18.43, 1675648623568
-49.62, -18.34, 1675648624566
-49.64, -18.25, 1675648625691
-49.66, -18.16, 1675648626510
-49.68, -18.07, 1675648627601
-49.70, -17.98, 1675648628579
-49.71, -17.89, 1675648629572
-49.73, -17.79, 1675648630677
-49.75, -17.70, 1675648631513
-49.77, -17.61, 1675648632630
-49.79, -17.52, 1675648633530
-49.81, -17.43, 1675648634632
-49.83, -17.34, 1675648635684
-49.84, -17.25, 1675648636508
-49.86, -17.16, 1675648637675
-49.88, -17.06, 1675648638520
-49.90, -16.97, 1675648639598
-49.92, -16.88, 1675648640707
-49.93, -16.79, 1675648641496
-49.95, -16.70, 1675648642622
-49.97, -16.61, 1675648643541
-49.99, -16.51, 1675648644581
-50.01, -16.42, 1675648645673
-50.02, -16.33, 1675648646555
-50.04, -16.24, 1675648647572
-50.06, -16.15, 1675648648582
-50.07, -16.05, 1675648649562
-50.09, -15.96, 1675648650703
-50.11, -15.87, 1675648651502
-50.13, -15.78, 1675648652609
-50.14, -15.68, 1675648653625
-50.16, -15.59, 1675648654558
-50.18, -15.50, 1675648655699
-50.19, -15.40, 1675648656505
-50.21, -15.31, 1675648657599
-50.23, -15.22, 1675648658558
-50.24, -15.13, 1675648659582
-50.26, -15.03, 1675648660694
-50.28, -14.94, 1675648661505
-50.29, -14.85, 1675648662516
-50.31, -14.75, 1675648663608
-50.32, -14.66, 1675648664499
-50.34, -14.57, 1675648665715
-50.36, -14.47, 1675648666494
-50.37, -14.38, 1675648667604
-50.39, -14.29, 1675648668457
-50.40, -14.19, 1675648669632
-50.42, -14.10, 1675648670542
-50.43, -14.01, 1675648671582
-50.45, -13.91, 1675648672558
-50.46, -13.82, 1675648673572
-50.48, -13.72, 1675648674574
-50.49, -13.63, 1675648675687
-50.51, -13.54, 1675648676509
-50.52, -13.44, 1675648677668
-50.54, -13.35, 1675648678521
-50.55, -13.25, 1675648679593
-50.57, -13.16, 1675648680662
-50.58, -13.06, 1675648681523
-50.60, -12.97, 1675648682596
-50.61, -12.88, 1675648683545
-50.63, -12.78, 1675648684593
-50.64, -12.69, 1675648685670
-50.66, -12.59, 1675648686515
-50.67, -12.50, 1675648687625
-50.68, -12.40, 1675648688574
-50.70, -12.31, 1675648689599
-50.71, -12.21, 1675648690666
-50.72, -12.12, 1675648691534
-50.74, -12.02, 1675648692585
-50.75, -11.93, 1675648693574
-50.77, -11.83, 1675648694568
-50.78, -11.74, 1675648695814
-50.78, -11.74, 1675648696446
-50.79, -11.64, 1675648697570
-50.81, -11.55, 1675648698608
-50.82, -11.45, 1675648699550
-50.83, -11.35, 1675648700686
-50.84, -11.26, 1675648701531
-50.86, -11.16, 1675648702596
-50.87, -11.07, 1675648703512
-50.88, -10.97, 1675648704602
-50.90, -10.88, 1675648705607
-50.91, -10.78, 1675648706551
-50.92, -10.69, 1675648707435
-50.93, -10.59, 1675648708652
-50.95, -10.49, 1675648709563
-50.96, -10.40, 1675648710686
-50.97, -10.30, 1675648711499
-50.98, -10.21, 1675648712596
-50.99, -10.11, 1675648713558
-51.01, -10.01, 1675648714580
-51.02, -9.92, 1675648720746
-51.02, -9.92, 1675648732416
-51.02, -9.92, 1675648746260
-50.51, 19.53, 1675648758875
-50.50, 19.62, 1675648769264
-50.48, 19.72, 1675648783918
-50.47, 19.81, 1675648793255
-50.45, 19.91, 1675648794043
-50.43, 20.00, 1675648795050
-50.42, 20.09, 1675648796041
-50.40, 20.19, 1675648797042
-50.39, 20.28, 1675648798041
-50.37, 20.38, 1675648799417
-50.36, 20.47, 1675648800769
-50.34, 20.56, 1675648801473
-50.32, 20.66, 1675648802613
-50.31, 20.75, 1675648803441
-50.29, 20.84, 1675648804629
-50.28, 20.94, 1675648805721
-50.26, 21.03, 1675648806495
-50.24, 21.12, 1675648807617
-50.23, 21.22, 1675648808536
-50.21, 21.31, 1675648820223
-50.19, 21.40, 1675648833305
-50.18, 21.49, 1675648847090
-50.14, 21.68, 1675648860420
-50.13, 21.77, 1675648874820
-50.11, 21.86, 1675648887876
-50.11, 21.86, 1675648899871
-50.09, 21.96, 1675648914752
-50.08, 22.05, 1675648928583
-50.06, 22.14, 1675648947517
-50.04, 22.23, 1675648961433
-50.02, 22.33, 1675648979743
-50.01, 22.42, 1675648993046
-49.99, 22.51, 1675649006645
-49.97, 22.60, 1675649019331
-49.95, 22.69, 1675649033897
-49.94, 22.79, 1675649046853
-42.29, 45.23, 1675649059587
-42.26, 45.30, 1675649070457
-42.22, 45.37, 1675649084473
-42.19, 45.44, 1675649096442
-42.15, 45.51, 1675649113030
-42.12, 45.58, 1675649114046
-42.08, 45.64, 1675649115571
-42.08, 45.64, 1675649116518
-42.05, 45.71, 1675649117460
-42.01, 45.78, 1675649118818
-42.01, 45.78, 1675649119446
-41.97, 45.85, 1675649120940
-41.97, 45.85, 1675649121484
-41.94, 45.92, 1675649122801
-41.94, 45.92, 1675649123457
-41.90, 45.98, 1675649135893
-41.90, 45.98, 1675649148510
-41.87, 46.05, 1675649165194
-41.80, 46.19, 1675649176498
-41.76, 46.25, 1675649191441
-41.72, 46.32, 1675649203770
-41.72, 46.32, 1675649215049
-41.69, 46.39, 1675649234265
-41.61, 46.52, 1675649260795
-41.58, 46.59, 1675649277678
-41.54, 46.66, 1675649289278
-41.47, 46.79, 1675649316859
-41.43, 46.86, 1675649330910
-41.40, 46.93, 1675649345551
-41.40, 46.93, 1675649349649
-30.10, 62.55, 1675649350048
-30.06, 62.60, 1675649351050
-30.01, 62.65, 1675649352050
-29.97, 62.70, 1675649353050
-29.92, 62.75, 1675649354051
-29.88, 62.79, 1675649355049
-29.83, 62.84, 1675649356050
-29.79, 62.89, 1675649357049
-29.74, 62.94, 1675649358050
-29.69, 62.99, 1675649359050
-29.65, 63.04, 1675649360051
-29.60, 63.09, 1675649361051
-29.56, 63.14, 1675649362051
-29.51, 63.19, 1675649363051
-29.47, 63.23, 1675649364051
-29.42, 63.28, 1675649365049
-29.38, 63.33, 1675649366052
-29.33, 63.38, 1675649367052
-29.28, 63.43, 1675649368052
-29.24, 63.48, 1675649369053
-29.19, 63.52, 1675649370052
-29.15, 63.57, 1675649371051
-29.10, 63.62, 1675649372051
-29.06, 63.67, 1675649373051
-29.01, 63.72, 1675649374052
-28.96, 63.77, 1675649375049
-28.92, 63.81, 1675649376043
-28.87, 63.86, 1675649377050
-28.83, 63.91, 1675649378051
-28.78, 63.96, 1675649379052
-28.74, 64.00, 1675649380052
-28.69, 64.05, 1675649381051
-28.64, 64.10, 1675649382051
-28.60, 64.15, 1675649383051
-28.55, 64.20, 1675649384052
-28.51, 64.24, 1675649385051
-28.46, 64.29, 1675649386043
-28.41, 64.34, 1675649387051
-28.37, 64.39, 1675649388052
-28.32, 64.43, 1675649389049
-28.28, 64.48, 1675649390053
-28.23, 64.53, 1675649391044
-28.18, 64.58, 1675649392052
-28.14, 64.62, 1675649393052
-28.09, 64.67, 1675649394043
-28.05, 64.72, 1675649395049
-28.00, 64.76, 1675649396044
-27.95, 64.81, 1675649397050
-27.91, 64.86, 1675649398050
-27.86, 64.91, 1675649399050
-27.81, 64.95, 1675649400042
-27.77, 65.00, 1675649401046
-27.72, 65.05, 1675649402044
-27.68, 65.09, 1675649403044
-27.63, 65.14, 1675649404044
-27.58, 65.19, 1675649405044
-27.54, 65.23, 1675649406044
-27.49, 65.28, 1675649407045
-27.44, 65.33, 1675649408043
-27.40, 65.37, 1675649409045
-27.35, 65.42, 1675649410045
-27.30, 65.47, 1675649411045
-27.26, 65.51, 1675649412045
-27.21, 65.56, 1675649413046
-27.16, 65.61, 1675649414046
-27.12, 65.65, 1675649415046
-27.07, 65.70, 1675649416047
-27.02, 65.74, 1675649417047
-26.98, 65.79, 1675649418047
-26.93, 65.84, 1675649419047
-26.88, 65.88, 1675649420047
-26.84, 65.93, 1675649421050
-26.79, 65.97, 1675649422048
-26.74, 66.02, 1675649423048
-26.70, 66.07, 1675649424049
-26.65, 66.11, 1675649425049
-26.60, 66.16, 1675649426051
-26.56, 66.20, 1675649427043
-26.51, 66.25, 1675649428049
-26.46, 66.30, 1675649429050
-26.42, 66.34, 1675649430050
-26.37, 66.39, 1675649431043
-26.32, 66.43, 1675649432046
-26.28, 66.48, 1675649433044
-26.23, 66.52, 1675649434050
-26.18, 66.57, 1675649435050
-26.14, 66.61, 1675649436052
-26.09, 66.66, 1675649437044
-26.04, 66.71, 1675649438052
-26.00, 66.75, 1675649439049
-25.95, 66.80, 1675649440052
-25.90, 66.84, 1675649441052
-25.85, 66.89, 1675649442052
-25.81, 66.93, 1675649443053
-25.76, 66.98, 1675649444052
-25.71, 67.02, 1675649445053
-25.67, 67.07, 1675649446053
-25.62, 67.11, 1675649447050
-25.57, 67.16, 1675649448052
-25.52, 67.20, 1675649449050
-25.48, 67.25, 1675649450053
-25.43, 67.29, 1675649451050
-25.38, 67.34, 1675649452052
-25.34, 67.38, 1675649453049
-25.29, 67.43, 1675649454052
-25.24, 67.47, 1675649455050
-25.19, 67.52, 1675649456052
-25.15, 67.56, 1675649457050
-25.10, 67.61, 1675649458052
-25.05, 67.65, 1675649459050
-25.00, 67.69, 1675649460053
-24.96, 67.74, 1675649461050
-24.91, 67.78, 1675649462052
-24.86, 67.83, 1675649463050
-24.82, 67.87, 1675649464052
-24.77, 67.92, 1675649465049
-24.72, 67.96, 1675649466043
-24.67, 68.01, 1675649467050
-24.63, 68.05, 1675649468052
-24.58, 68.09, 1675649469050
-24.53, 68.14, 1675649470053
-24.48, 68.18, 1675649471050
-24.44, 68.23, 1675649472052
-24.39, 68.27, 1675649473043
-24.34, 68.31, 1675649474052
-24.29, 68.36, 1675649475043
-24.25, 68.40, 1675649476047
-24.20, 68.45, 1675649477044
-24.15, 68.49, 1675649478044
-24.10, 68.53, 1675649479045
-24.05, 68.58, 1675649480044
-24.01, 68.62, 1675649481048
-23.96, 68.67, 1675649482045
-23.91, 68.71, 1675649483045
-23.86, 68.75, 1675649484044
-23.82, 68.80, 1675649485044
-23.77, 68.84, 1675649486049
-23.72, 68.88, 1675649487045
-23.67, 68.93, 1675649488047
-23.63, 68.97, 1675649489046
-23.58, 69.01, 1675649490047
-23.53, 69.06, 1675649491046
-23.48, 69.10, 1675649492047
-23.43, 69.14, 1675649493048
-23.39, 69.19, 1675649494049
-23.34, 69.23, 1675649495048
-23.29, 69.27, 1675649496052
-23.24, 69.32, 1675649497049
-23.19, 69.36, 1675649498050
-23.15, 69.40, 1675649499047
-23.10, 69.45, 1675649500049
-23.05, 69.49, 1675649501053
-23.00, 69.53, 1675649502050
-22.95, 69.58, 1675649503049
-22.91, 69.62, 1675649504051
-22.86, 69.66, 1675649505050
-22.81, 69.70, 1675649506055
-22.76, 69.75, 1675649507050
-22.71, 69.79, 1675649508050
-22.67, 69.83, 1675649509050
-22.62, 69.88, 1675649510050
-22.57, 69.92, 1675649511044
-22.52, 69.96, 1675649512051
-22.47, 70.00, 1675649513051
-22.43, 70.05, 1675649514051
-22.38, 70.09, 1675649515050
-22.33, 70.13, 1675649516050
-22.28, 70.18, 1675649517050
-22.23, 70.22, 1675649518053
-22.18, 70.26, 1675649519053
-22.14, 70.30, 1675649520053
-22.09, 70.35, 1675649521054
-22.04, 70.39, 1675649522053
-21.99, 70.43, 1675649523050
-21.94, 70.47, 1675649524052
-21.90, 70.51, 1675649525050
-21.85, 70.56, 1675649526052
-21.80, 70.60, 1675649527050
-21.75, 70.64, 1675649528052
-21.70, 70.68, 1675649529050
-21.65, 70.73, 1675649530053
-21.61, 70.77, 1675649531050
-21.56, 70.81, 1675649532052
-21.51, 70.85, 1675649533050
-21.46, 70.89, 1675649534052
-21.41, 70.94, 1675649535050
-21.36, 70.98, 1675649536053
-21.31, 71.02, 1675649537050
-21.27, 71.06, 1675649538052
-21.22, 71.10, 1675649539050
-21.17, 71.15, 1675649540053
-21.12, 71.19, 1675649541050
-21.07, 71.23, 1675649542053
-21.02, 71.27, 1675649543050
-20.97, 71.31, 1675649544053
-20.93, 71.35, 1675649545053
-20.88, 71.40, 1675649546045
-20.83, 71.44, 1675649547050
-20.78, 71.48, 1675649548053
-20.73, 71.52, 1675649549050
-20.68, 71.56, 1675649550053
-20.63, 71.60, 1675649551046
-20.59, 71.65, 1675649552044
-20.54, 71.69, 1675649553043
-20.49, 71.73, 1675649554043
-20.44, 71.77, 1675649555043
-20.39, 71.81, 1675649556047
-20.34, 71.85, 1675649557046
-20.29, 71.89, 1675649558044
-20.25, 71.94, 1675649559045
-20.20, 71.98, 1675649560044
-20.15, 72.02, 1675649561045
-20.10, 72.06, 1675649562045
-20.05, 72.10, 1675649563046
-20.00, 72.14, 1675649564047
-19.95, 72.18, 1675649565046
-19.90, 72.22, 1675649566048
-19.85, 72.27, 1675649567048
-19.81, 72.31, 1675649568047
-19.76, 72.35, 1675649569048
-19.71, 72.39, 1675649570048
-19.66, 72.43, 1675649571049
-19.61, 72.47, 1675649572048
-19.56, 72.51, 1675649573049
-19.51, 72.55, 1675649574049
-19.46, 72.59, 1675649575050
-19.41, 72.63, 1675649576049
-19.37, 72.67, 1675649577050
-19.32, 72.72, 1675649578050
-19.27, 72.76, 1675649579050
-19.22, 72.80, 1675649580050
-19.17, 72.84, 1675649581056
-19.12, 72.88, 1675649582051
-19.07, 72.92, 1675649583051
-19.02, 72.96, 1675649584053
-18.97, 73.00, 1675649585051
-18.92, 73.04, 1675649586052
-18.88, 73.08, 1675649587051
-18.83, 73.12, 1675649588051
-18.78, 73.16, 1675649589044
-18.73, 73.20, 1675649590051
-18.68, 73.24, 1675649591053
-18.63, 73.28, 1675649592053
-18.58, 73.32, 1675649593052
-18.53, 73.36, 1675649594052
-18.48, 73.41, 1675649595053
-18.43, 73.45, 1675649596051
-18.38, 73.49, 1675649597053
-18.34, 73.53, 1675649598053
-18.29, 73.57, 1675649599047
-18.24, 73.61, 1675649600053
-18.19, 73.65, 1675649601050
-18.14, 73.69, 1675649602053
-18.09, 73.73, 1675649603050
-18.04, 73.77, 1675649604053
-17.99, 73.81, 1675649605050
-17.94, 73.85, 1675649606052
-17.89, 73.89, 1675649607050
-17.84, 73.93, 1675649608053
-17.79, 73.97, 1675649609050
-17.74, 74.01, 1675649610053
-17.69, 74.05, 1675649611051
-17.65, 74.09, 1675649612052
-17.60, 74.13, 1675649613050
-17.55, 74.17, 1675649614053
-17.50, 74.21, 1675649615050
-17.45, 74.25, 1675649616053
-17.40, 74.29, 1675649617050
-17.35, 74.33, 1675649618053
-16.51, 75.00, 1675649619050
-16.46, 75.04, 1675649620053
-16.41, 75.08, 1675649621050
-16.36, 75.12, 1675649622053
-16.31, 75.16, 1675649623052
-16.26, 75.20, 1675649624053
-16.21, 75.24, 1675649625050
-16.16, 75.27, 1675649626046
-16.11, 75.31, 1675649627043
-16.06, 75.35, 1675649628043
-16.01, 75.39, 1675649629052
-15.96, 75.43, 1675649630053
-15.91, 75.47, 1675649631045
-15.86, 75.51, 1675649632044
-15.81, 75.55, 1675649633044
-15.76, 75.59, 1675649634045
-15.71, 75.63, 1675649635044
-15.66, 75.67, 1675649636044
-15.61, 75.71, 1675649637044
-15.56, 75.74, 1675649638046
-15.51, 75.78, 1675649639045
-15.47, 75.82, 1675649640046
-15.42, 75.86, 1675649641045
-15.37, 75.90, 1675649642046
-15.32, 75.94, 1675649643048
-15.27, 75.98, 1675649644048
-15.22, 76.02, 1675649645047
-15.17, 76.06, 1675649646049
-15.12, 76.09, 1675649647049
-15.07, 76.13, 1675649648049
-15.02, 76.17, 1675649649049
-14.97, 76.21, 1675649650049
